patientId,sampleId,CANCER_TYPE,CANCER_TYPE_DETAILED,COPY_NUMBER,EXPRESSION_SUBTYPE,FRACTION_GENOME_ALTERED,HYPERMUTATED,ICLUSTER,METHYLATION_STATUS,METHYLATION_SUBTYPE,MLH1_SILENCING,MRNA_DATA,MSI_STATUS,MUTATION_COUNT,ONCOTREE_CODE,PRIMARY_SITE,SAMPLE_TYPE,SEQUENCED,SOMATIC_STATUS,TMB_NONSYNONYMOUS,TUMOR_STAGE_2009
TCGA-A6-2670,TCGA-A6-2670-01,Colorectal Cancer,Colon Adenocarcinoma,1,CIN,0.5685,0,1,1,Cluster3,0,1,MSS,23,COAD,3 - left colon,Primary,1,Matched,0.766666667,Stage IIA
TCGA-A6-2671,TCGA-A6-2671-01,Colorectal Cancer,Colon Adenocarcinoma,1,,0.4881,,,0,,,0,MSS,,COAD,3 - left colon,Primary,0,Matched,,Stage IV
TCGA-A6-2672,TCGA-A6-2672-01,Colorectal Cancer,Colon Adenocarcinoma,1,MSI/CIMP,0.0357,1,2a,1,CIMP.H,1,1,MSI-H,412,COAD,2 - transverse colon,Primary,1,Matched,14.03333333,Stage IIIB
TCGA-A6-2674,TCGA-A6-2674-01,Colorectal Cancer,Colorectal Adenocarcinoma,1,MSI/CIMP,0.0611,0,2b,1,Cluster4,0,1,MSS,19,COADREAD,3 - left colon,Primary,1,Matched,0.666666667,Stage IV
TCGA-A6-2676,TCGA-A6-2676-01,Colorectal Cancer,Colorectal Adenocarcinoma,1,MSI/CIMP,0.0434,1,2a,1,CIMP.H,1,1,MSI-H,596,COADREAD,1 - right colon,Primary,1,Matched,20.53333333,Stage IIB
TCGA-A6-2677,TCGA-A6-2677-01,Colorectal Cancer,Colon Adenocarcinoma,1,CIN,0.1723,0,1,1,Cluster3,0,1,MSS,56,COAD,1 - right colon,Primary,1,Matched,1.866666667,Stage IIIC
TCGA-A6-2678,TCGA-A6-2678-01,Colorectal Cancer,Colon Adenocarcinoma,1,Invasive,0.2501,0,2b,1,Cluster3,0,1,MSS,62,COAD,2 - transverse colon,Primary,1,Matched,2.066666667,Stage IIIB
TCGA-A6-2679,TCGA-A6-2679-01,Colorectal Cancer,Colon Adenocarcinoma,1,,0.3265,,,0,,,0,MSS,,COAD,1 - right colon,Primary,0,Matched,,Stage IIB
TCGA-A6-2680,TCGA-A6-2680-01,Colorectal Cancer,Colon Adenocarcinoma,1,,0.3938,,,0,,,0,MSS,,COAD,1 - right colon,Primary,0,Matched,,Stage IIA
TCGA-A6-2681,TCGA-A6-2681-01,Colorectal Cancer,Colon Adenocarcinoma,1,,0.3353,,,0,,,0,MSS,,COAD,1 - right colon,Primary,0,Matched,,Stage IIA
TCGA-A6-2682,TCGA-A6-2682-01,Colorectal Cancer,Colon Adenocarcinoma,1,,0.0603,,,1,,,0,MSS,,COAD,1 - right colon,Primary,0,Matched,,Stage IV
TCGA-A6-2683,TCGA-A6-2683-01,Colorectal Cancer,Colon Adenocarcinoma,1,CIN,0.4112,0,3,1,CIMP.L,0,1,MSI-L,70,COAD,1 - right colon,Primary,1,Matched,2.466666667,Stage IV
TCGA-A6-2684,TCGA-A6-2684-01,Colorectal Cancer,Colon Adenocarcinoma,1,,0.1303,,,1,,,0,MSI-L,,COAD,1 - right colon,Primary,0,Matched,,Stage I
TCGA-A6-2685,TCGA-A6-2685-01,Colorectal Cancer,Colon Adenocarcinoma,1,,0.1206,,,1,,,0,MSS,,COAD,3 - left colon,Primary,0,Matched,,Stage IIA
TCGA-A6-2686,TCGA-A6-2686-01,Colorectal Cancer,Colon Adenocarcinoma,1,,0.3306,,,0,,,0,MSI-H,,COAD,1 - right colon,Primary,0,Matched,,Stage IIA
TCGA-A6-3807,TCGA-A6-3807-01,Colorectal Cancer,Colon Adenocarcinoma,1,MSI/CIMP,0.3442,0,3,1,Cluster4,0,1,MSS,70,COAD,3 - left colon,Primary,1,Matched,2.666666667,Stage IIIC
TCGA-A6-3808,TCGA-A6-3808-01,Colorectal Cancer,Colorectal Adenocarcinoma,0,MSI/CIMP,,0,,1,Cluster3,0,1,MSI-L,98,COADREAD,1 - right colon,Primary,1,Matched,3.366666667,Stage IIA
TCGA-A6-3809,TCGA-A6-3809-01,Colorectal Cancer,Colorectal Adenocarcinoma,0,MSI/CIMP,,,,1,CIMP.H,1,1,MSI-H,,COADREAD,2 - transverse colon,Primary,0,Matched,,Stage IIB
TCGA-A6-3810,TCGA-A6-3810-01,Colorectal Cancer,Colon Adenocarcinoma,0,MSI/CIMP,0.5157,0,,1,Cluster4,0,1,MSS,95,COAD,3 - left colon,Primary,1,Matched,3.233333333,Stage IIA
TCGA-A6-4107,TCGA-A6-4107-01,Colorectal Cancer,Colon Adenocarcinoma,1,,0.2565,,,1,,,0,MSS,,COAD,1 - right colon,Primary,0,Matched,,Stage IIIB
TCGA-AA-3488,TCGA-AA-3488-01,Colorectal Cancer,Colon Adenocarcinoma,1,,0.5933,,,1,,,0,MSS,,COAD,3 - left colon,Primary,0,Matched,,Stage IV
TCGA-AA-3492,TCGA-AA-3492-01,Colorectal Cancer,Colon Adenocarcinoma,1,,0.0047,,,1,,,0,MSI-H,,COAD,1 - right colon,Primary,0,Matched,,Stage IIA
TCGA-AA-3494,TCGA-AA-3494-01,Colorectal Cancer,Colon Adenocarcinoma,1,,0.4035,,,1,,,0,MSS,,COAD,3 - left colon,Primary,0,Matched,,Stage IV
TCGA-AA-3495,TCGA-AA-3495-01,Colorectal Cancer,Colon Adenocarcinoma,1,,0.2107,,,1,,,0,MSS,,COAD,1 - right colon,Primary,0,Matched,,Stage I
TCGA-AA-3502,TCGA-AA-3502-01,Colorectal Cancer,Colon Adenocarcinoma,1,,0.1218,,,1,,,0,MSI-L,,COAD,2 - transverse colon,Primary,0,Matched,,Stage I
TCGA-AA-3506,TCGA-AA-3506-01,Colorectal Cancer,Colon Adenocarcinoma,1,,0.1853,,,1,,,0,MSS,,COAD,1 - right colon,Primary,0,Matched,,Stage I
TCGA-AA-3509,TCGA-AA-3509-01,Colorectal Cancer,Colon Adenocarcinoma,0,,,,,1,,,0,MSS,,COAD,3 - left colon,Primary,0,Matched,,Stage IIA
TCGA-AA-3510,TCGA-AA-3510-01,Colorectal Cancer,Colon Adenocarcinoma,1,,0.0002,,,1,,,0,MSS,,COAD,2 - transverse colon,Primary,0,Matched,,Stage IIA
TCGA-AA-3514,TCGA-AA-3514-01,Colorectal Cancer,Colon Adenocarcinoma,1,MSI/CIMP,0.0782,0,2b,1,Cluster3,0,1,MSS,59,COAD,1 - right colon,Primary,1,Matched,2.7,Stage I
TCGA-AA-3516,TCGA-AA-3516-01,Colorectal Cancer,Colorectal Adenocarcinoma,1,MSI/CIMP,0.0096,1,2a,1,CIMP.H,1,1,MSI-H,690,COADREAD,1 - right colon,Primary,1,Matched,23.06666667,Stage IIIB
TCGA-AA-3517,TCGA-AA-3517-01,Colorectal Cancer,Colon Adenocarcinoma,1,CIN,0.3710,0,3,1,Cluster4,0,1,MSI-L,28,COAD,3 - left colon,Primary,1,Matched,0.933333333,Stage IIA
TCGA-AA-3518,TCGA-AA-3518-01,Colorectal Cancer,Colon Adenocarcinoma,1,MSI/CIMP,0.0026,1,2a,1,CIMP.H,1,1,MSI-H,411,COAD,1 - right colon,Primary,1,Matched,14.43333333,Stage IIA
TCGA-AA-3519,TCGA-AA-3519-01,Colorectal Cancer,Colon Adenocarcinoma,1,CIN,0.3694,0,3,1,Cluster3,0,1,MSS,37,COAD,4 - rectum,Primary,1,Matched,1.233333333,Stage IIIB
TCGA-AA-3520,TCGA-AA-3520-01,Colorectal Cancer,Colon Adenocarcinoma,1,Invasive,0.1899,0,2b,1,Cluster3,0,1,MSI-L,54,COAD,1 - right colon,Primary,1,Matched,1.8,Stage IIA
TCGA-AA-3521,TCGA-AA-3521-01,Colorectal Cancer,Colon Adenocarcinoma,1,CIN,0.2428,0,3,1,Cluster3,0,1,MSS,43,COAD,3 - left colon,Primary,1,Matched,1.433333333,Stage IIA
TCGA-AA-3522,TCGA-AA-3522-01,Colorectal Cancer,Colon Adenocarcinoma,1,Invasive,0.2992,0,2b,1,CIMP.L,0,1,MSS,43,COAD,1 - right colon,Primary,1,Matched,1.433333333,Stage IIA
TCGA-AA-3524,TCGA-AA-3524-01,Colorectal Cancer,Colon Adenocarcinoma,1,Invasive,0.1879,0,1,1,Cluster4,0,1,MSS,38,COAD,3 - left colon,Primary,1,Matched,1.3,Stage IIA
TCGA-AA-3525,TCGA-AA-3525-01,Colorectal Cancer,Colon Adenocarcinoma,1,MSI/CIMP,0.0018,1,2a,1,CIMP.H,1,1,MSI-H,469,COAD,1 - right colon,Primary,1,Matched,15.76666667,Stage IIIB
TCGA-AA-3526,TCGA-AA-3526-01,Colorectal Cancer,Colon Adenocarcinoma,1,MSI/CIMP,0.1245,0,,0,Cluster3,0,1,MSI-L,45,COAD,3 - left colon,Primary,1,Matched,1.533333333,Stage I
TCGA-AA-3527,TCGA-AA-3527-01,Colorectal Cancer,Colon Adenocarcinoma,1,CIN,0.0639,0,2a,1,CIMP.L,0,1,MSS,67,COAD,1 - right colon,Primary,1,Matched,2.733333333,Stage IIA
TCGA-AA-3529,TCGA-AA-3529-01,Colorectal Cancer,Colon Adenocarcinoma,1,CIN,0.1815,0,1,1,Cluster4,0,1,MSI-L,45,COAD,3 - left colon,Primary,1,Matched,1.533333333,Stage IIIC
TCGA-AA-3530,TCGA-AA-3530-01,Colorectal Cancer,Colon Adenocarcinoma,1,CIN,0.1065,0,3,1,Cluster4,0,1,MSS,70,COAD,1 - right colon,Primary,1,Matched,2.533333333,Stage I
TCGA-AA-3531,TCGA-AA-3531-01,Colorectal Cancer,Colon Adenocarcinoma,1,CIN,0.2786,0,3,1,Cluster4,0,1,MSI-L,57,COAD,3 - left colon,Primary,1,Matched,1.933333333,Stage IIA
TCGA-AA-3532,TCGA-AA-3532-01,Colorectal Cancer,Colon Adenocarcinoma,1,MSI/CIMP,0.3778,0,1,1,Cluster4,0,1,MSS,35,COAD,3 - left colon,Primary,1,Matched,1.2,Stage IIA
TCGA-AA-3534,TCGA-AA-3534-01,Colorectal Cancer,Colon Adenocarcinoma,1,CIN,0.7359,0,2b,1,Cluster3,0,1,MSS,51,COAD,1 - right colon,Primary,1,Matched,1.733333333,Stage IIA
TCGA-AA-3538,TCGA-AA-3538-01,Colorectal Cancer,Colon Adenocarcinoma,1,CIN,0.3380,0,1,1,Cluster4,0,1,MSS,32,COAD,3 - left colon,Primary,1,Matched,1.066666667,Stage I
TCGA-AA-3542,TCGA-AA-3542-01,Colorectal Cancer,Colon Adenocarcinoma,1,CIN,0.5186,0,,0,Cluster4,0,1,MSS,165,COAD,3 - left colon,Primary,1,Matched,10.86666667,Stage IIIC
TCGA-AA-3543,TCGA-AA-3543-01,Colorectal Cancer,Colorectal Adenocarcinoma,1,MSI/CIMP,0.0474,1,2b,1,CIMP.H,1,1,MSI-H,192,COADREAD,1 - right colon,Primary,1,Matched,6.433333333,Stage I
TCGA-AA-3544,TCGA-AA-3544-01,Colorectal Cancer,Colon Adenocarcinoma,1,CIN,0.3123,0,1,1,Cluster3,0,1,MSS,46,COAD,3 - left colon,Primary,1,Matched,1.533333333,Stage I
TCGA-AA-3548,TCGA-AA-3548-01,Colorectal Cancer,Colon Adenocarcinoma,1,CIN,0.2886,0,,0,Cluster3,0,1,MSS,30,COAD,1 - right colon,Primary,1,Matched,1.033333333,Stage IIIC
TCGA-AA-3549,TCGA-AA-3549-01,Colorectal Cancer,Colon Adenocarcinoma,1,CIN,0.2247,0,3,1,CIMP.L,0,1,MSS,51,COAD,1 - right colon,Primary,1,Matched,2.166666667,Stage I
TCGA-AA-3552,TCGA-AA-3552-01,Colorectal Cancer,Colon Adenocarcinoma,1,Invasive,0.4467,0,1,1,Cluster3,0,1,MSS,44,COAD,1 - right colon,Primary,1,Matched,1.466666667,Stage IIIC
TCGA-AA-3553,TCGA-AA-3553-01,Colorectal Cancer,Colon Adenocarcinoma,1,CIN,0.4086,0,1,1,Cluster4,0,1,MSI-L,28,COAD,3 - left colon,Primary,1,Matched,0.966666667,Stage I
TCGA-AA-3554,TCGA-AA-3554-01,Colorectal Cancer,Colon Adenocarcinoma,1,MSI/CIMP,0.0054,1,2a,1,Cluster4,0,1,MSI-H,245,COAD,1 - right colon,Primary,1,Matched,8.3,Stage IIA
TCGA-AA-3555,TCGA-AA-3555-01,Colorectal Cancer,Colorectal Adenocarcinoma,1,MSI/CIMP,0.0004,1,2a,1,CIMP.L,0,1,MSS,723,COADREAD,1 - right colon,Primary,1,Matched,24.66666667,Stage IIA
TCGA-AA-3556,TCGA-AA-3556-01,Colorectal Cancer,Colorectal Adenocarcinoma,1,MSI/CIMP,0.1326,0,2b,1,CIMP.L,0,1,MSS,30,COADREAD,3 - left colon,Primary,1,Matched,1,Stage I
TCGA-AA-3558,TCGA-AA-3558-01,Colorectal Cancer,Colon Adenocarcinoma,1,Invasive,0.1554,0,2b,1,CIMP.L,0,1,MSS,95,COAD,3 - left colon,Primary,1,Matched,3.2,
TCGA-AA-3560,TCGA-AA-3560-01,Colorectal Cancer,Colon Adenocarcinoma,1,CIN,0.4374,0,3,1,Cluster3,0,1,MSS,48,COAD,3 - left colon,Primary,1,Matched,1.633333333,Stage IIIC
TCGA-AA-3561,TCGA-AA-3561-01,Colorectal Cancer,Colon Adenocarcinoma,1,Invasive,0.2301,0,3,1,Cluster3,0,1,MSS,37,COAD,1 - right colon,Primary,1,Matched,1.266666667,Stage IIA
TCGA-AA-3562,TCGA-AA-3562-01,Colorectal Cancer,Colon Adenocarcinoma,1,CIN,0.3963,0,1,1,Cluster3,0,1,MSS,33,COAD,3 - left colon,Primary,1,Matched,1.066666667,Stage IIIC
TCGA-AA-3664,TCGA-AA-3664-01,Colorectal Cancer,Colon Adenocarcinoma,1,MSI/CIMP,0.2556,0,2b,1,CIMP.H,1,1,MSS,125,COAD,1 - right colon,Primary,1,Matched,4.233333333,Stage IIA
TCGA-AA-3666,TCGA-AA-3666-01,Colorectal Cancer,Colon Adenocarcinoma,1,Invasive,0.5738,0,3,1,Cluster4,0,1,MSS,128,COAD,1 - right colon,Primary,1,Matched,4.4,Stage IIIB
TCGA-AA-3667,TCGA-AA-3667-01,Colorectal Cancer,Colon Adenocarcinoma,1,CIN,0.2932,0,1,1,Cluster4,0,1,MSI-L,58,COAD,3 - left colon,Primary,1,Matched,1.966666667,Stage I
TCGA-AA-3672,TCGA-AA-3672-01,Colorectal Cancer,Colon Adenocarcinoma,1,MSI/CIMP,0.0463,1,2a,1,CIMP.H,1,1,MSI-H,1361,COAD,2 - transverse colon,Primary,1,Matched,45.53333333,Stage IIIB
TCGA-AA-3673,TCGA-AA-3673-01,Colorectal Cancer,Colon Adenocarcinoma,1,Invasive,0.2291,0,1,1,CIMP.L,0,1,MSS,65,COAD,2 - transverse colon,Primary,1,Matched,2.233333333,Stage IIA
TCGA-AA-3675,TCGA-AA-3675-01,Colorectal Cancer,Colon Adenocarcinoma,1,,0.0556,,,1,CIMP.L,0,0,MSS,,COAD,1 - right colon,Primary,0,Matched,,Stage IIA
TCGA-AA-3678,TCGA-AA-3678-01,Colorectal Cancer,Colon Adenocarcinoma,1,CIN,0.2924,0,1,1,Cluster4,0,1,MSS,60,COAD,3 - left colon,Primary,1,Matched,2.1,Stage IIIA
TCGA-AA-3679,TCGA-AA-3679-01,Colorectal Cancer,Colon Adenocarcinoma,1,CIN,0.5643,0,3,1,Cluster4,0,1,MSS,54,COAD,3 - left colon,Primary,1,Matched,1.866666667,Stage IV
TCGA-AA-3680,TCGA-AA-3680-01,Colorectal Cancer,Colon Adenocarcinoma,1,Invasive,0.1345,0,2a,1,CIMP.L,0,1,MSI-L,91,COAD,1 - right colon,Primary,1,Matched,3.066666667,Stage IV
TCGA-AA-3681,TCGA-AA-3681-01,Colorectal Cancer,Colon Adenocarcinoma,1,MSI/CIMP,0.3097,0,2b,1,CIMP.L,0,1,MSS,94,COAD,1 - right colon,Primary,1,Matched,3.3,Stage IIIB
TCGA-AA-3684,TCGA-AA-3684-01,Colorectal Cancer,Colorectal Adenocarcinoma,1,MSI/CIMP,0.0160,0,2a,1,CIMP.L,0,1,MSS,93,COADREAD,1 - right colon,Primary,1,Matched,3.2,Stage IV
TCGA-AA-3685,TCGA-AA-3685-01,Colorectal Cancer,Colon Adenocarcinoma,1,Invasive,0.5316,0,,0,Cluster4,0,1,MSS,63,COAD,3 - left colon,Primary,1,Matched,2.166666667,Stage IIA
TCGA-AA-3688,TCGA-AA-3688-01,Colorectal Cancer,Colon Adenocarcinoma,1,CIN,0.3690,0,3,1,Cluster4,0,1,MSI-L,52,COAD,3 - left colon,Primary,1,Matched,1.766666667,Stage IV
TCGA-AA-3692,TCGA-AA-3692-01,Colorectal Cancer,Colorectal Adenocarcinoma,1,Invasive,0.2305,0,1,1,Cluster4,0,1,MSI-L,52,COADREAD,3 - left colon,Primary,1,Matched,1.866666667,Stage IV
TCGA-AA-3693,TCGA-AA-3693-01,Colorectal Cancer,Colon Adenocarcinoma,1,CIN,0.3546,0,3,1,Cluster4,0,1,MSS,110,COAD,3 - left colon,Primary,1,Matched,3.733333333,Stage IV
TCGA-AA-3695,TCGA-AA-3695-01,Colorectal Cancer,Colon Adenocarcinoma,1,CIN,0.4547,0,,0,CIMP.L,0,1,MSS,132,COAD,1 - right colon,Primary,1,Matched,4.533333333,Stage IV
TCGA-AA-3696,TCGA-AA-3696-01,Colorectal Cancer,Colon Adenocarcinoma,1,CIN,0.2657,0,2b,1,Cluster4,0,1,MSS,75,COAD,3 - left colon,Primary,1,Matched,2.6,Stage IV
TCGA-AA-3710,TCGA-AA-3710-01,Colorectal Cancer,Colon Adenocarcinoma,1,MSI/CIMP,0.0505,1,2a,1,CIMP.H,1,1,MSI-H,965,COAD,1 - right colon,Primary,1,Matched,32.4,Stage IIA
TCGA-AA-3715,TCGA-AA-3715-01,Colorectal Cancer,Colon Adenocarcinoma,1,MSI/CIMP,0.0470,1,2b,1,CIMP.H,1,1,MSI-H,1481,COAD,1 - right colon,Primary,1,Matched,50.06666667,Stage IIA
TCGA-AA-3811,TCGA-AA-3811-01,Colorectal Cancer,Colon Adenocarcinoma,0,MSI/CIMP,0.2961,1,,1,Cluster4,1,1,MSI-H,810,COAD,1 - right colon,Primary,1,Matched,28.63333333,Stage IIIB
TCGA-AA-3812,TCGA-AA-3812-01,Colorectal Cancer,Colon Adenocarcinoma,1,MSI/CIMP,0.0678,0,2b,1,Cluster4,0,1,MSS,79,COAD,3 - left colon,Primary,1,Matched,2.733333333,Stage IIA
TCGA-AA-3814,TCGA-AA-3814-01,Colorectal Cancer,Colon Adenocarcinoma,1,MSI/CIMP,0.1068,0,3,1,Cluster3,0,1,MSS,78,COAD,1 - right colon,Primary,1,Matched,2.666666667,Stage IIA
TCGA-AA-3815,TCGA-AA-3815-01,Colorectal Cancer,Colon Adenocarcinoma,0,MSI/CIMP,,,,1,CIMP.H,1,1,MSI-H,,COAD,1 - right colon,Primary,0,Matched,,Stage IIA
TCGA-AA-3818,TCGA-AA-3818-01,Colorectal Cancer,Colon Adenocarcinoma,1,Invasive,0.1748,0,2b,1,CIMP.L,0,1,MSS,102,COAD,1 - right colon,Primary,1,Matched,3.4,Stage IIA
TCGA-AA-3819,TCGA-AA-3819-01,Colorectal Cancer,Colon Adenocarcinoma,1,CIN,0.1242,0,3,1,Cluster3,0,1,MSI-L,137,COAD,3 - left colon,Primary,1,Matched,4.6,Stage IIA
TCGA-AA-3821,TCGA-AA-3821-01,Colorectal Cancer,Colorectal Adenocarcinoma,1,MSI/CIMP,0.0002,1,2a,1,CIMP.H,1,1,MSI-H,633,COADREAD,1 - right colon,Primary,1,Matched,21.13333333,Stage I
TCGA-AA-3831,TCGA-AA-3831-01,Colorectal Cancer,Colon Adenocarcinoma,1,Invasive,0.0012,0,2a,1,CIMP.L,0,1,MSS,94,COAD,3 - left colon,Primary,1,Matched,3.133333333,Stage IIA
TCGA-AA-3833,TCGA-AA-3833-01,Colorectal Cancer,Colon Adenocarcinoma,1,MSI/CIMP,0.0002,1,2a,1,CIMP.H,1,1,MSI-H,383,COAD,1 - right colon,Primary,1,Matched,12.93333333,Stage IIA
TCGA-AA-3837,TCGA-AA-3837-01,Colorectal Cancer,Colorectal Adenocarcinoma,1,CIN,0.2128,0,2b,1,CIMP.H,0,1,MSS,105,COADREAD,1 - right colon,Primary,1,Matched,3.633333333,Stage IIA
TCGA-AA-3841,TCGA-AA-3841-01,Colorectal Cancer,Colon Adenocarcinoma,1,,0.4617,,,1,,,0,MSS,,COAD,3 - left colon,Primary,0,Matched,,Stage IIA
TCGA-AA-3842,TCGA-AA-3842-01,Colorectal Cancer,Colon Adenocarcinoma,1,MSI/CIMP,0.4471,0,1,1,CIMP.L,0,1,MSS,56,COAD,3 - left colon,Primary,1,Matched,1.966666667,Stage IIIA
TCGA-AA-3844,TCGA-AA-3844-01,Colorectal Cancer,Colon Adenocarcinoma,0,Invasive,0.3323,0,,1,Cluster3,0,1,MSS,85,COAD,3 - left colon,Primary,1,Matched,2.933333333,Stage IIIC
TCGA-AA-3845,TCGA-AA-3845-01,Colorectal Cancer,Colorectal Adenocarcinoma,1,MSI/CIMP,0.0892,1,2a,1,CIMP.H,1,1,MSI-H,662,COADREAD,1 - right colon,Primary,1,Matched,22.3,Stage IIA
TCGA-AA-3846,TCGA-AA-3846-01,Colorectal Cancer,Colon Adenocarcinoma,1,CIN,0.3878,0,3,1,Cluster3,0,1,MSS,69,COAD,3 - left colon,Primary,1,Matched,2.4,Stage IIA
TCGA-AA-3848,TCGA-AA-3848-01,Colorectal Cancer,Colon Adenocarcinoma,1,CIN,0.1757,0,3,1,CIMP.L,0,1,MSS,105,COAD,3 - left colon,Primary,1,Matched,3.533333333,Stage IIIC
TCGA-AA-3850,TCGA-AA-3850-01,Colorectal Cancer,Colon Adenocarcinoma,0,Invasive,0.0010,0,,1,CIMP.L,0,1,MSS,76,COAD,2 - transverse colon,Primary,1,Matched,2.633333333,Stage I
TCGA-AA-3851,TCGA-AA-3851-01,Colorectal Cancer,Colon Adenocarcinoma,1,Invasive,0.4916,0,1,1,Cluster3,0,1,MSS,71,COAD,1 - right colon,Primary,1,Matched,2.433333333,Stage IIA
TCGA-AA-3852,TCGA-AA-3852-01,Colorectal Cancer,Colorectal Adenocarcinoma,1,MSI/CIMP,0.2282,0,2b,1,CIMP.L,0,1,MSI-L,110,COADREAD,2 - transverse colon,Primary,1,Matched,3.8,Stage IIA
TCGA-AA-3854,TCGA-AA-3854-01,Colorectal Cancer,Colorectal Adenocarcinoma,1,Invasive,0.1273,0,2b,1,CIMP.L,0,1,MSI-L,109,COADREAD,3 - left colon,Primary,1,Matched,3.666666667,Stage I
TCGA-AA-3855,TCGA-AA-3855-01,Colorectal Cancer,Colon Adenocarcinoma,1,Invasive,0.3279,0,3,1,CIMP.L,0,1,MSI-L,105,COAD,3 - left colon,Primary,1,Matched,3.7,Stage I
TCGA-AA-3856,TCGA-AA-3856-01,Colorectal Cancer,Colon Adenocarcinoma,1,Invasive,0.3329,0,1,1,Cluster4,0,1,MSS,48,COAD,3 - left colon,Primary,1,Matched,1.733333333,Stage IIA
TCGA-AA-3858,TCGA-AA-3858-01,Colorectal Cancer,Colon Adenocarcinoma,1,CIN,0.2739,0,1,1,Cluster3,0,1,MSS,42,COAD,3 - left colon,Primary,1,Matched,1.566666667,Stage I
TCGA-AA-3860,TCGA-AA-3860-01,Colorectal Cancer,Colon Adenocarcinoma,1,MSI/CIMP,0.7704,0,3,1,Cluster4,0,1,MSS,34,COAD,3 - left colon,Primary,1,Matched,1.133333333,Stage IIIB
TCGA-AA-3861,TCGA-AA-3861-01,Colorectal Cancer,Colon Adenocarcinoma,0,Invasive,,,,1,CIMP.L,0,1,MSI-L,,COAD,1 - right colon,Primary,0,Matched,,Stage IIA
TCGA-AA-3862,TCGA-AA-3862-01,Colorectal Cancer,Colon Adenocarcinoma,0,Invasive,,,,1,Cluster4,0,1,MSS,,COAD,2 - transverse colon,Primary,0,Matched,,Stage IIA
TCGA-AA-3864,TCGA-AA-3864-01,Colorectal Cancer,Colon Adenocarcinoma,1,MSI/CIMP,0.0008,1,2a,1,Cluster3,0,1,MSI-H,1938,COAD,1 - right colon,Primary,1,Matched,64.93333333,Stage IIA
TCGA-AA-3866,TCGA-AA-3866-01,Colorectal Cancer,Colon Adenocarcinoma,1,MSI/CIMP,0.3460,0,3,1,Cluster3,0,1,MSI-L,90,COAD,1 - right colon,Primary,1,Matched,3.133333333,Stage I
TCGA-AA-3867,TCGA-AA-3867-01,Colorectal Cancer,Colon Adenocarcinoma,0,CIN,0.2456,0,,1,Cluster4,0,1,MSS,78,COAD,3 - left colon,Primary,1,Matched,2.833333333,Stage IV
TCGA-AA-3869,TCGA-AA-3869-01,Colorectal Cancer,Colon Adenocarcinoma,1,Invasive,0.4115,0,1,1,Cluster4,0,1,MSS,60,COAD,1 - right colon,Primary,1,Matched,2.266666667,Stage IV
TCGA-AA-3870,TCGA-AA-3870-01,Colorectal Cancer,Colon Adenocarcinoma,1,MSI/CIMP,0.3140,0,2b,1,CIMP.H,0,1,MSS,95,COAD,1 - right colon,Primary,1,Matched,3.266666667,Stage IV
TCGA-AA-3872,TCGA-AA-3872-01,Colorectal Cancer,Colon Adenocarcinoma,1,MSI/CIMP,0.4529,0,1,1,Cluster4,0,1,MSS,46,COAD,3 - left colon,Primary,1,Matched,1.666666667,Stage IV
TCGA-AA-3875,TCGA-AA-3875-01,Colorectal Cancer,Colon Adenocarcinoma,1,CIN,0.0867,0,2b,1,Cluster3,0,1,MSS,100,COAD,1 - right colon,Primary,1,Matched,3.4,Stage I
TCGA-AA-3877,TCGA-AA-3877-01,Colorectal Cancer,Colorectal Adenocarcinoma,1,MSI/CIMP,0.0559,1,2a,1,CIMP.H,1,1,MSI-H,773,COADREAD,2 - transverse colon,Primary,1,Matched,26.16666667,Stage I
TCGA-AA-3930,TCGA-AA-3930-01,Colorectal Cancer,Colon Adenocarcinoma,1,MSI/CIMP,0.3057,0,2b,1,CIMP.L,0,1,MSI-L,114,COAD,1 - right colon,Primary,1,Matched,4.1,Stage IV
TCGA-AA-3939,TCGA-AA-3939-01,Colorectal Cancer,Colon Adenocarcinoma,1,Invasive,0.6133,0,2b,1,Cluster3,0,1,MSS,101,COAD,1 - right colon,Primary,1,Matched,3.766666667,Stage IIA
TCGA-AA-3941,TCGA-AA-3941-01,Colorectal Cancer,Colon Adenocarcinoma,0,Invasive,0.4169,0,,1,CIMP.H,0,1,MSI-L,93,COAD,1 - right colon,Primary,1,Matched,3.3,Stage IVA
TCGA-AA-3947,TCGA-AA-3947-01,Colorectal Cancer,Colorectal Adenocarcinoma,1,MSI/CIMP,0.0014,1,2a,1,CIMP.H,1,1,MSI-H,1227,COADREAD,1 - right colon,Primary,1,Matched,43.5,Stage IIB
TCGA-AA-3949,TCGA-AA-3949-01,Colorectal Cancer,Colorectal Adenocarcinoma,1,MSI/CIMP,0.0004,1,2a,1,CIMP.H,1,1,MSI-H,659,COADREAD,1 - right colon,Primary,1,Matched,23.06666667,Stage IIIB
TCGA-AA-3950,TCGA-AA-3950-01,Colorectal Cancer,Colorectal Adenocarcinoma,1,MSI/CIMP,0.1008,,,1,CIMP.H,1,1,MSI-H,,COADREAD,1 - right colon,Primary,0,Matched,,Stage IIA
TCGA-AA-3952,TCGA-AA-3952-01,Colorectal Cancer,Colon Adenocarcinoma,1,MSI/CIMP,0.3808,0,2b,1,Cluster4,0,1,MSS,64,COAD,3 - left colon,Primary,1,Matched,2.366666667,Stage IIIC
TCGA-AA-3955,TCGA-AA-3955-01,Colorectal Cancer,Colon Adenocarcinoma,1,CIN,0.3101,0,3,1,Cluster4,0,1,MSS,99,COAD,3 - left colon,Primary,1,Matched,3.366666667,Stage IIIB
TCGA-AA-3956,TCGA-AA-3956-01,Colorectal Cancer,Colon Adenocarcinoma,1,CIN,0.1821,0,1,1,Cluster3,0,1,MSS,109,COAD,1 - right colon,Primary,1,Matched,3.833333333,Stage IIA
TCGA-AA-3966,TCGA-AA-3966-01,Colorectal Cancer,Colorectal Adenocarcinoma,1,MSI/CIMP,0.2030,1,2b,1,CIMP.L,1,1,MSI-H,900,COADREAD,1 - right colon,Primary,1,Matched,30.33333333,Stage IIA
TCGA-AA-3968,TCGA-AA-3968-01,Colorectal Cancer,Colon Adenocarcinoma,1,CIN,0.5075,,,1,Cluster3,0,1,MSS,,COAD,3 - left colon,Primary,0,Matched,,Stage I
TCGA-AA-3970,TCGA-AA-3970-01,Colorectal Cancer,Colon Adenocarcinoma,0,,,,,1,Cluster3,0,0,MSS,,COAD,3 - left colon,Primary,0,Matched,,Stage IIA
TCGA-AA-3971,TCGA-AA-3971-01,Colorectal Cancer,Colon Adenocarcinoma,1,CIN,0.4059,0,1,1,Cluster4,0,1,MSS,60,COAD,3 - left colon,Primary,1,Matched,2.5,Stage IIIB
TCGA-AA-3972,TCGA-AA-3972-01,Colorectal Cancer,Colon Adenocarcinoma,1,CIN,0.4502,0,3,1,CIMP.L,0,1,MSI-L,84,COAD,3 - left colon,Primary,1,Matched,2.8,Stage IV
TCGA-AA-3973,TCGA-AA-3973-01,Colorectal Cancer,Colon Adenocarcinoma,1,CIN,0.1952,0,3,1,Cluster4,0,1,MSI-L,68,COAD,3 - left colon,Primary,1,Matched,2.333333333,Stage IV
TCGA-AA-3975,TCGA-AA-3975-01,Colorectal Cancer,Colon Adenocarcinoma,1,CIN,0.2591,0,1,1,Cluster4,0,1,MSS,99,COAD,3 - left colon,Primary,1,Matched,3.466666667,Stage I
TCGA-AA-3976,TCGA-AA-3976-01,Colorectal Cancer,Colon Adenocarcinoma,1,CIN,0.4991,0,1,1,Cluster3,0,1,MSS,68,COAD,3 - left colon,Primary,1,Matched,2.333333333,Stage IIIA
TCGA-AA-3977,TCGA-AA-3977-01,Colorectal Cancer,Colon Adenocarcinoma,1,MSI/CIMP,0.0008,1,2a,1,Cluster3,0,1,MSS,2914,COAD,3 - left colon,Primary,1,Matched,97.9,
TCGA-AA-3979,TCGA-AA-3979-01,Colorectal Cancer,Colon Adenocarcinoma,1,Invasive,0.2946,0,1,1,CIMP.L,0,1,MSS,115,COAD,3 - left colon,Primary,1,Matched,4.3,Stage IIA
TCGA-AA-3980,TCGA-AA-3980-01,Colorectal Cancer,Colon Adenocarcinoma,0,Invasive,,0,,1,Cluster3,0,1,MSS,81,COAD,3 - left colon,Primary,1,Matched,3.1,Stage I
TCGA-AA-3982,TCGA-AA-3982-01,Colorectal Cancer,Colon Adenocarcinoma,0,CIN,0.1341,0,,1,Cluster3,0,1,MSI-L,84,COAD,3 - left colon,Primary,1,Matched,3.033333333,Stage IIIB
TCGA-AA-3984,TCGA-AA-3984-01,Colorectal Cancer,Colon Adenocarcinoma,1,Invasive,0.1573,1,2b,1,Cluster4,0,1,MSS,3186,COAD,3 - left colon,Primary,1,Matched,107.9,Stage IIA
TCGA-AA-3986,TCGA-AA-3986-01,Colorectal Cancer,Colon Adenocarcinoma,1,Invasive,0.0551,0,2b,1,Cluster3,0,1,MSS,59,COAD,2 - transverse colon,Primary,1,Matched,2,Stage I
TCGA-AA-3989,TCGA-AA-3989-01,Colorectal Cancer,Colon Adenocarcinoma,1,Invasive,0.2031,0,3,1,CIMP.L,0,1,MSS,95,COAD,2 - transverse colon,Primary,1,Matched,3.433333333,Stage IV
TCGA-AA-3994,TCGA-AA-3994-01,Colorectal Cancer,Colorectal Adenocarcinoma,1,MSI/CIMP,0.2117,0,2a,1,CIMP.H,0,1,MSS,143,COADREAD,2 - transverse colon,Primary,1,Matched,4.866666667,Stage IIIB
TCGA-AA-A004,TCGA-AA-A004-01,Colorectal Cancer,Colon Adenocarcinoma,1,MSI/CIMP,0.3077,0,1,1,CIMP.L,0,1,MSI-L,55,COAD,3 - left colon,Primary,1,Matched,1.933333333,Stage IIA
TCGA-AA-A00A,TCGA-AA-A00A-01,Colorectal Cancer,Colon Adenocarcinoma,1,MSI/CIMP,0.0122,1,2a,1,CIMP.H,0,1,MSI-H,323,COAD,1 - right colon,Primary,1,Matched,11.2,Stage IIA
TCGA-AA-A00D,TCGA-AA-A00D-01,Colorectal Cancer,Colon Adenocarcinoma,1,MSI/CIMP,0.1967,0,1,1,CIMP.H,0,1,MSS,56,COAD,1 - right colon,Primary,1,Matched,1.866666667,Stage I
TCGA-AA-A00E,TCGA-AA-A00E-01,Colorectal Cancer,Colon Adenocarcinoma,1,MSI/CIMP,0.0216,1,2a,1,CIMP.H,1,1,MSI-H,471,COAD,1 - right colon,Primary,1,Matched,15.93333333,Stage IIA
TCGA-AA-A00F,TCGA-AA-A00F-01,Colorectal Cancer,Colon Adenocarcinoma,1,CIN,0.5739,0,3,1,Cluster3,0,1,MSS,31,COAD,3 - left colon,Primary,1,Matched,1.033333333,Stage IIIC
TCGA-AA-A00J,TCGA-AA-A00J-01,Colorectal Cancer,Colorectal Adenocarcinoma,1,MSI/CIMP,0.0444,1,2a,1,CIMP.H,1,1,MSI-H,803,COADREAD,1 - right colon,Primary,1,Matched,29.3,Stage IIIB
TCGA-AA-A00K,TCGA-AA-A00K-01,Colorectal Cancer,Colon Adenocarcinoma,1,Invasive,0.1388,0,2b,1,Cluster3,0,1,MSI-L,95,COAD,3 - left colon,Primary,1,Matched,4.633333333,Stage IIA
TCGA-AA-A00L,TCGA-AA-A00L-01,Colorectal Cancer,Colon Adenocarcinoma,1,CIN,0.1802,0,3,1,Cluster3,0,1,MSS,47,COAD,2 - transverse colon,Primary,1,Matched,1.566666667,Stage IIA
TCGA-AA-A00N,TCGA-AA-A00N-01,Colorectal Cancer,Colorectal Adenocarcinoma,1,MSI/CIMP,0.0007,1,2a,1,Cluster4,0,1,MSI-L,3503,COADREAD,1 - right colon,Primary,1,Matched,123.6333333,Stage IIB
TCGA-AA-A00O,TCGA-AA-A00O-01,Colorectal Cancer,Colon Adenocarcinoma,1,CIN,0.1944,0,3,1,Cluster4,0,1,MSI-L,62,COAD,3 - left colon,Primary,1,Matched,2.433333333,Stage IIIC
TCGA-AA-A00Q,TCGA-AA-A00Q-01,Colorectal Cancer,Colon Adenocarcinoma,1,CIN,0.2482,0,3,1,CIMP.L,0,1,MSS,25,COAD,3 - left colon,Primary,1,Matched,0.833333333,Stage IIIB
TCGA-AA-A00R,TCGA-AA-A00R-01,Colorectal Cancer,Colon Adenocarcinoma,1,MSI/CIMP,0.0712,1,2b,1,CIMP.L,1,1,MSI-H,304,COAD,1 - right colon,Primary,1,Matched,10.2,Stage I
TCGA-AA-A00U,TCGA-AA-A00U-01,Colorectal Cancer,Colon Adenocarcinoma,1,Invasive,0.1412,0,1,1,CIMP.L,0,1,MSS,67,COAD,1 - right colon,Primary,1,Matched,2.266666667,Stage IIIB
TCGA-AA-A00W,TCGA-AA-A00W-01,Colorectal Cancer,Colon Adenocarcinoma,1,Invasive,0.1540,0,3,1,Cluster3,0,1,MSS,22,COAD,3 - left colon,Primary,1,Matched,0.766666667,Stage I
TCGA-AA-A00Z,TCGA-AA-A00Z-01,Colorectal Cancer,Colon Adenocarcinoma,1,CIN,0.1737,0,3,1,Cluster4,0,1,MSS,29,COAD,3 - left colon,Primary,1,Matched,1,Stage IIA
TCGA-AA-A010,TCGA-AA-A010-01,Colorectal Cancer,Colon Adenocarcinoma,1,MSI/CIMP,0.0056,1,2a,1,Cluster4,0,1,MSI-L,6552,COAD,2 - transverse colon,Primary,1,Matched,218.8,Stage IIB
TCGA-AA-A017,TCGA-AA-A017-01,Colorectal Cancer,Colon Adenocarcinoma,1,CIN,0.2310,0,1,1,Cluster4,0,1,MSS,49,COAD,3 - left colon,Primary,1,Matched,1.766666667,Stage IIA
TCGA-AA-A01C,TCGA-AA-A01C-01,Colorectal Cancer,Colon Adenocarcinoma,1,CIN,0.4230,,,0,Cluster4,0,1,MSS,,COAD,1 - right colon,Primary,0,Matched,,Stage IIIA
TCGA-AA-A01D,TCGA-AA-A01D-01,Colorectal Cancer,Colorectal Adenocarcinoma,1,MSI/CIMP,0.2620,0,2b,1,CIMP.L,0,1,MSS,121,COADREAD,3 - left colon,Primary,1,Matched,5.1,Stage IIIC
TCGA-AA-A01F,TCGA-AA-A01F-01,Colorectal Cancer,Colon Adenocarcinoma,1,CIN,0.5492,0,3,1,Cluster3,0,1,MSS,48,COAD,3 - left colon,Primary,1,Matched,1.6,Stage IIIB
TCGA-AA-A01G,TCGA-AA-A01G-01,Colorectal Cancer,Colorectal Adenocarcinoma,1,Invasive,0.1787,0,1,1,CIMP.L,0,1,MSI-L,51,COADREAD,1 - right colon,Primary,1,Matched,1.7,Stage IIA
TCGA-AA-A01I,TCGA-AA-A01I-01,Colorectal Cancer,Colon Adenocarcinoma,1,Invasive,0.2417,0,2b,1,CIMP.L,0,1,MSS,81,COAD,3 - left colon,Primary,1,Matched,2.833333333,Stage I
TCGA-AA-A01K,TCGA-AA-A01K-01,Colorectal Cancer,Colon Adenocarcinoma,1,MSI/CIMP,0.3157,0,1,1,Cluster3,0,1,MSS,119,COAD,3 - left colon,Primary,1,Matched,4.9,Stage IIIC
TCGA-AA-A01P,TCGA-AA-A01P-01,Colorectal Cancer,Colon Adenocarcinoma,1,,0.0003,1,2a,1,CIMP.H,1,0,MSI-H,388,COAD,1 - right colon,Primary,1,Matched,12.96666667,Stage IIIB
TCGA-AA-A01Q,TCGA-AA-A01Q-01,Colorectal Cancer,Colon Adenocarcinoma,1,MSI/CIMP,0.0462,1,2a,1,CIMP.L,0,1,MSI-H,597,COAD,1 - right colon,Primary,1,Matched,20.1,Stage IIA
TCGA-AA-A01R,TCGA-AA-A01R-01,Colorectal Cancer,Colorectal Adenocarcinoma,1,,0.0832,1,2a,1,CIMP.L,0,0,MSI-H,1230,COADREAD,1 - right colon,Primary,1,Matched,41.16666667,Stage IIIB
TCGA-AA-A01S,TCGA-AA-A01S-01,Colorectal Cancer,Colon Adenocarcinoma,1,,0.2205,0,1,1,Cluster4,1,0,MSI-L,44,COAD,3 - left colon,Primary,1,Matched,1.533333333,Stage IIIB
TCGA-AA-A01T,TCGA-AA-A01T-01,Colorectal Cancer,Colon Adenocarcinoma,1,,0.3861,0,,0,Cluster3,0,0,MSS,75,COAD,3 - left colon,Primary,1,Matched,2.566666667,Stage IIIB
TCGA-AA-A01V,TCGA-AA-A01V-01,Colorectal Cancer,Colon Adenocarcinoma,1,,0.0001,0,2a,1,CIMP.L,0,0,MSS,92,COAD,1 - right colon,Primary,1,Matched,3.2,Stage I
TCGA-AA-A01X,TCGA-AA-A01X-01,Colorectal Cancer,Colon Adenocarcinoma,1,,0.5220,0,3,1,Cluster3,0,0,MSS,47,COAD,3 - left colon,Primary,1,Matched,1.633333333,Stage IIIA
TCGA-AA-A01Z,TCGA-AA-A01Z-01,Colorectal Cancer,Colon Adenocarcinoma,1,,0.1752,0,1,1,CIMP.L,0,0,MSS,77,COAD,1 - right colon,Primary,1,Matched,2.666666667,Stage IIA
TCGA-AA-A022,TCGA-AA-A022-01,Colorectal Cancer,Colon Adenocarcinoma,1,,0.1452,1,,0,CIMP.H,1,0,MSI-H,910,COAD,1 - right colon,Primary,1,Matched,30.36666667,
TCGA-AA-A024,TCGA-AA-A024-01,Colorectal Cancer,Colorectal Adenocarcinoma,1,Invasive,0.0006,0,2a,1,Cluster3,0,1,MSI-L,58,COADREAD,3 - left colon,Primary,1,Matched,2.166666667,Stage IIA
TCGA-AA-A029,TCGA-AA-A029-01,Colorectal Cancer,Colon Adenocarcinoma,1,Invasive,0.2676,0,2b,1,CIMP.H,0,1,MSI-L,82,COAD,1 - right colon,Primary,1,Matched,2.966666667,Stage IIA
TCGA-AA-A02E,TCGA-AA-A02E-01,Colorectal Cancer,Colon Adenocarcinoma,1,CIN,0.5898,,,1,Cluster3,0,1,MSI-L,,COAD,1 - right colon,Primary,0,Matched,,Stage IV
TCGA-AA-A02F,TCGA-AA-A02F-01,Colorectal Cancer,Colon Adenocarcinoma,1,CIN,0.5801,0,3,1,Cluster4,0,1,MSS,46,COAD,3 - left colon,Primary,1,Matched,1.633333333,Stage IV
TCGA-AA-A02H,TCGA-AA-A02H-01,Colorectal Cancer,Colon Adenocarcinoma,1,CIN,0.4195,0,3,1,Cluster3,0,1,MSS,57,COAD,3 - left colon,Primary,1,Matched,2.1,Stage IV
TCGA-AA-A02J,TCGA-AA-A02J-01,Colorectal Cancer,Colon Adenocarcinoma,1,CIN,0.1843,0,1,1,Cluster4,0,1,MSS,104,COAD,3 - left colon,Primary,1,Matched,3.833333333,Stage IV
TCGA-AA-A02K,TCGA-AA-A02K-01,Colorectal Cancer,Colon Adenocarcinoma,0,,,,,0,Cluster3,0,0,MSS,,COAD,1 - right colon,Primary,0,Matched,,Stage IV
TCGA-AA-A02O,TCGA-AA-A02O-01,Colorectal Cancer,Colon Adenocarcinoma,1,,0.2498,0,,0,CIMP.H,0,0,MSS,137,COAD,2 - transverse colon,Primary,1,Matched,4.566666667,Stage IIA
TCGA-AA-A02R,TCGA-AA-A02R-01,Colorectal Cancer,Colon Adenocarcinoma,1,MSI/CIMP,0.0464,,,0,CIMP.H,1,1,MSI-H,,COAD,1 - right colon,Primary,0,Matched,,Stage IIA
TCGA-AA-A02W,TCGA-AA-A02W-01,Colorectal Cancer,Colon Adenocarcinoma,1,CIN,0.4626,0,1,1,Cluster4,0,1,MSI-L,88,COAD,3 - left colon,Primary,1,Matched,3.666666667,Stage I
TCGA-AA-A02Y,TCGA-AA-A02Y-01,Colorectal Cancer,Colon Adenocarcinoma,1,,0.1905,0,,0,CIMP.L,0,0,MSS,102,COAD,1 - right colon,Primary,1,Matched,3.433333333,Stage I
TCGA-AA-A03F,TCGA-AA-A03F-01,Colorectal Cancer,Colorectal Adenocarcinoma,1,,0.0000,0,,0,CIMP.H,0,0,MSS,103,COADREAD,1 - right colon,Primary,1,Matched,3.466666667,Stage IIIB
TCGA-AA-A03J,TCGA-AA-A03J-01,Colorectal Cancer,Colon Adenocarcinoma,1,,0.4677,0,,0,CIMP.L,0,0,MSS,65,COAD,3 - left colon,Primary,1,Matched,2.2,Stage I
TCGA-AF-2689,TCGA-AF-2689-01,Colorectal Cancer,Rectal Adenocarcinoma,1,CIN,0.4330,0,,1,CIMP.L,0,1,MSS,46,READ,4 - rectum,Primary,1,Matched,1.533333333,Stage IV
TCGA-AF-2691,TCGA-AF-2691-01,Colorectal Cancer,Rectal Adenocarcinoma,1,Invasive,0.1282,0,,1,CIMP.L,0,1,MSS,57,READ,4 - rectum,Primary,1,Matched,1.9,Stage I
TCGA-AF-2692,TCGA-AF-2692-01,Colorectal Cancer,Colorectal Adenocarcinoma,1,CIN,0.4873,0,,1,Cluster4,0,1,MSS,31,COADREAD,4 - rectum,Primary,1,Matched,1.166666667,Stage IIA
TCGA-AF-3400,TCGA-AF-3400-01,Colorectal Cancer,Colorectal Adenocarcinoma,1,MSI/CIMP,0.0601,0,,0,Cluster4,0,1,MSS,22,COADREAD,4 - rectum,Primary,1,Matched,0.8,Stage IIA
TCGA-AF-3913,TCGA-AF-3913-01,Colorectal Cancer,Rectal Adenocarcinoma,1,CIN,0.3578,0,1,1,Cluster4,0,1,MSS,82,READ,4 - rectum,Primary,1,Matched,2.866666667,Stage IV
TCGA-AG-3574,TCGA-AG-3574-01,Colorectal Cancer,Rectal Adenocarcinoma,1,CIN,0.2278,0,,0,Cluster3,0,1,MSS,31,READ,4 - rectum,Primary,1,Matched,1.066666667,Stage IIA
TCGA-AG-3575,TCGA-AG-3575-01,Colorectal Cancer,Rectal Adenocarcinoma,1,MSI/CIMP,0.1788,0,,0,CIMP.H,0,1,MSS,42,READ,4 - rectum,Primary,1,Matched,1.4,Stage IIA
TCGA-AG-3578,TCGA-AG-3578-01,Colorectal Cancer,Colorectal Adenocarcinoma,1,Invasive,0.4708,0,,0,Cluster3,0,1,MSS,25,COADREAD,4 - rectum,Primary,1,Matched,0.866666667,Stage IIA
TCGA-AG-3580,TCGA-AG-3580-01,Colorectal Cancer,Rectal Adenocarcinoma,1,Invasive,0.0353,0,,0,Cluster3,0,1,MSS,31,READ,4 - rectum,Primary,1,Matched,1.066666667,Stage I
TCGA-AG-3581,TCGA-AG-3581-01,Colorectal Cancer,Rectal Adenocarcinoma,1,Invasive,0.2427,0,3,1,Cluster3,0,1,MSS,36,READ,4 - rectum,Primary,1,Matched,1.2,Stage I
TCGA-AG-3582,TCGA-AG-3582-01,Colorectal Cancer,Rectal Adenocarcinoma,1,CIN,0.4110,0,1,1,Cluster4,0,1,MSS,29,READ,4 - rectum,Primary,1,Matched,0.966666667,Stage IV
TCGA-AG-3583,TCGA-AG-3583-01,Colorectal Cancer,Colorectal Adenocarcinoma,1,Invasive,0.2426,0,3,1,Cluster4,0,1,MSI-L,47,COADREAD,4 - rectum,Primary,1,Matched,1.766666667,Stage IV
TCGA-AG-3584,TCGA-AG-3584-01,Colorectal Cancer,Rectal Adenocarcinoma,1,CIN,0.4099,0,1,1,CIMP.L,0,1,MSS,28,READ,4 - rectum,Primary,1,Matched,0.966666667,Stage IV
TCGA-AG-3586,TCGA-AG-3586-01,Colorectal Cancer,Colorectal Adenocarcinoma,1,Invasive,0.1330,0,2b,1,Cluster3,0,1,MSS,39,COADREAD,4 - rectum,Primary,1,Matched,1.666666667,Stage IIIB
TCGA-AG-3587,TCGA-AG-3587-01,Colorectal Cancer,Rectal Adenocarcinoma,1,Invasive,0.3226,0,1,1,Cluster4,0,1,MSS,52,READ,4 - rectum,Primary,1,Matched,1.733333333,Stage I
TCGA-AG-3593,TCGA-AG-3593-01,Colorectal Cancer,Rectal Adenocarcinoma,1,CIN,0.4804,0,3,1,Cluster3,0,1,MSS,58,READ,4 - rectum,Primary,1,Matched,2,Stage IIA
TCGA-AG-3594,TCGA-AG-3594-01,Colorectal Cancer,Colorectal Adenocarcinoma,1,MSI/CIMP,0.2990,0,2b,0,Cluster3,0,1,MSS,31,COADREAD,4 - rectum,Primary,1,Matched,1.133333333,Stage IIA
TCGA-AG-3598,TCGA-AG-3598-01,Colorectal Cancer,Rectal Adenocarcinoma,1,Invasive,0.1909,0,1,1,CIMP.L,0,1,MSS,55,READ,4 - rectum,Primary,1,Matched,1.866666667,Stage IIA
TCGA-AG-3599,TCGA-AG-3599-01,Colorectal Cancer,Colorectal Adenocarcinoma,1,Invasive,0.0382,0,2b,1,CIMP.L,0,1,MSS,54,COADREAD,4 - rectum,Primary,1,Matched,1.8,Stage I
TCGA-AG-3600,TCGA-AG-3600-01,Colorectal Cancer,Rectal Adenocarcinoma,1,MSI/CIMP,0.6084,0,1,1,CIMP.H,0,1,MSS,76,READ,4 - rectum,Primary,1,Matched,2.533333333,Stage IIIC
TCGA-AG-3601,TCGA-AG-3601-01,Colorectal Cancer,Rectal Adenocarcinoma,1,CIN,0.4585,0,1,1,Cluster4,0,1,MSI-L,78,READ,4 - rectum,Primary,1,Matched,2.6,Stage IIIB
TCGA-AG-3602,TCGA-AG-3602-01,Colorectal Cancer,Rectal Adenocarcinoma,1,Invasive,0.2499,0,3,1,Cluster3,0,1,MSS,35,READ,4 - rectum,Primary,1,Matched,1.2,Stage IIIC
TCGA-AG-3605,TCGA-AG-3605-01,Colorectal Cancer,Rectal Adenocarcinoma,1,Invasive,0.1912,0,2b,1,CIMP.L,0,1,MSS,41,READ,4 - rectum,Primary,1,Matched,1.533333333,Stage IV
TCGA-AG-3608,TCGA-AG-3608-01,Colorectal Cancer,Rectal Adenocarcinoma,1,Invasive,0.1306,0,3,1,CIMP.L,0,1,Not Evaluable,44,READ,4 - rectum,Primary,1,Matched,1.5,Stage IIA
TCGA-AG-3609,TCGA-AG-3609-01,Colorectal Cancer,Rectal Adenocarcinoma,1,MSI/CIMP,0.7741,0,3,1,Cluster4,0,1,MSS,63,READ,4 - rectum,Primary,1,Matched,2.233333333,Stage IIIC
TCGA-AG-3611,TCGA-AG-3611-01,Colorectal Cancer,Rectal Adenocarcinoma,1,Invasive,0.6328,0,3,1,Cluster3,0,1,MSS,40,READ,4 - rectum,Primary,1,Matched,1.3,Stage IIA
TCGA-AG-3612,TCGA-AG-3612-01,Colorectal Cancer,Rectal Adenocarcinoma,1,CIN,0.4729,0,1,1,Cluster4,0,1,MSS,51,READ,4 - rectum,Primary,1,Matched,1.7,Stage IIIB
TCGA-AG-3726,TCGA-AG-3726-01,Colorectal Cancer,Rectal Adenocarcinoma,1,CIN,0.2224,0,1,1,Cluster3,0,1,MSS,110,READ,4 - rectum,Primary,1,Matched,4.266666667,Stage I
TCGA-AG-3727,TCGA-AG-3727-01,Colorectal Cancer,Rectal Adenocarcinoma,1,CIN,0.1934,0,3,1,Cluster3,0,1,MSS,68,READ,4 - rectum,Primary,1,Matched,2.4,Stage IIIB
TCGA-AG-3728,TCGA-AG-3728-01,Colorectal Cancer,Rectal Adenocarcinoma,1,MSI/CIMP,0.4891,,,0,Cluster4,0,1,MSS,,READ,4 - rectum,Primary,0,Matched,,Stage IIIB
TCGA-AG-3878,TCGA-AG-3878-01,Colorectal Cancer,Rectal Adenocarcinoma,1,MSI/CIMP,0.0000,0,2a,1,CIMP.L,0,1,MSS,67,READ,4 - rectum,Primary,1,Matched,2.466666667,Stage I
TCGA-AG-3881,TCGA-AG-3881-01,Colorectal Cancer,Colorectal Adenocarcinoma,1,MSI/CIMP,0.3911,0,2b,0,CIMP.L,0,1,MSS,77,COADREAD,4 - rectum,Primary,1,Matched,2.566666667,Stage IIA
TCGA-AG-3882,TCGA-AG-3882-01,Colorectal Cancer,Rectal Adenocarcinoma,1,CIN,0.3860,0,3,1,Cluster4,0,1,MSS,52,READ,4 - rectum,Primary,1,Matched,1.8,Stage I
TCGA-AG-3883,TCGA-AG-3883-01,Colorectal Cancer,Rectal Adenocarcinoma,1,MSI/CIMP,0.4700,0,1,1,Cluster3,0,1,MSS,93,READ,4 - rectum,Primary,1,Matched,3.2,Stage I
TCGA-AG-3885,TCGA-AG-3885-01,Colorectal Cancer,Rectal Adenocarcinoma,1,Invasive,0.3742,,,0,CIMP.L,0,1,MSS,,READ,4 - rectum,Primary,0,Matched,,Stage IIIB
TCGA-AG-3887,TCGA-AG-3887-01,Colorectal Cancer,Colorectal Adenocarcinoma,1,CIN,0.1855,0,1,1,Cluster4,0,1,MSS,59,COADREAD,4 - rectum,Primary,1,Matched,2.033333333,Stage IIA
TCGA-AG-3890,TCGA-AG-3890-01,Colorectal Cancer,Rectal Adenocarcinoma,1,CIN,0.2781,0,3,1,Cluster3,0,1,MSS,61,READ,4 - rectum,Primary,1,Matched,2,Stage I
TCGA-AG-3892,TCGA-AG-3892-01,Colorectal Cancer,Rectal Adenocarcinoma,1,Invasive,0.0003,1,2a,1,Cluster4,0,1,MSS,1806,READ,4 - rectum,Primary,1,Matched,62,Stage I
TCGA-AG-3893,TCGA-AG-3893-01,Colorectal Cancer,Rectal Adenocarcinoma,1,CIN,0.2903,0,3,1,Cluster4,0,1,MSS,86,READ,4 - rectum,Primary,1,Matched,2.9,Stage IIIB
TCGA-AG-3894,TCGA-AG-3894-01,Colorectal Cancer,Rectal Adenocarcinoma,1,CIN,0.0548,0,2b,1,Cluster3,0,1,MSS,76,READ,4 - rectum,Primary,1,Matched,2.566666667,Stage IIA
TCGA-AG-3896,TCGA-AG-3896-01,Colorectal Cancer,Rectal Adenocarcinoma,1,CIN,0.1588,0,3,1,Cluster3,0,1,MSS,79,READ,4 - rectum,Primary,1,Matched,2.666666667,Stage I
TCGA-AG-3898,TCGA-AG-3898-01,Colorectal Cancer,Rectal Adenocarcinoma,1,CIN,0.3854,0,3,1,Cluster3,0,1,MSS,80,READ,4 - rectum,Primary,1,Matched,2.633333333,Stage IIA
TCGA-AG-3901,TCGA-AG-3901-01,Colorectal Cancer,Colorectal Adenocarcinoma,1,MSI/CIMP,0.0817,0,2a,1,Cluster3,0,1,MSS,47,COADREAD,4 - rectum,Primary,1,Matched,1.6,Stage IIIB
TCGA-AG-3902,TCGA-AG-3902-01,Colorectal Cancer,Rectal Adenocarcinoma,1,MSI/CIMP,0.2552,0,2b,0,CIMP.L,0,1,MSS,102,READ,4 - rectum,Primary,1,Matched,3.4,Stage IIA
TCGA-AG-3909,TCGA-AG-3909-01,Colorectal Cancer,Rectal Adenocarcinoma,1,CIN,0.3082,0,3,1,Cluster3,0,1,MSS,73,READ,4 - rectum,Primary,1,Matched,2.433333333,Stage IIIB
TCGA-AG-3999,TCGA-AG-3999-01,Colorectal Cancer,Rectal Adenocarcinoma,1,CIN,0.5863,0,1,1,Cluster3,0,1,MSS,78,READ,4 - rectum,Primary,1,Matched,2.833333333,Stage IIIC
TCGA-AG-4001,TCGA-AG-4001-01,Colorectal Cancer,Rectal Adenocarcinoma,1,CIN,0.2458,0,3,1,Cluster4,0,1,MSI-L,89,READ,4 - rectum,Primary,1,Matched,3,Stage IIA
TCGA-AG-4005,TCGA-AG-4005-01,Colorectal Cancer,Rectal Adenocarcinoma,1,CIN,0.4102,0,1,1,Cluster3,0,1,MSS,79,READ,4 - rectum,Primary,1,Matched,2.766666667,Stage IV
TCGA-AG-4007,TCGA-AG-4007-01,Colorectal Cancer,Rectal Adenocarcinoma,0,CIN,0.2265,0,,0,CIMP.L,0,1,MSI-L,128,READ,4 - rectum,Primary,1,Matched,4.266666667,Stage IV
TCGA-AG-4008,TCGA-AG-4008-01,Colorectal Cancer,Rectal Adenocarcinoma,1,CIN,0.2393,0,1,1,Cluster3,0,1,MSS,62,READ,4 - rectum,Primary,1,Matched,2.133333333,Stage IIA
TCGA-AG-4015,TCGA-AG-4015-01,Colorectal Cancer,Rectal Adenocarcinoma,1,CIN,0.5071,0,1,1,Cluster4,0,1,MSS,77,READ,4 - rectum,Primary,1,Matched,2.8,Stage IIA
TCGA-AG-A002,TCGA-AG-A002-01,Colorectal Cancer,Rectal Adenocarcinoma,1,MSI/CIMP,0.0005,1,2a,1,Cluster3,0,1,MSS,9901,READ,4 - rectum,Primary,1,Matched,524.7,Stage I
TCGA-AG-A008,TCGA-AG-A008-01,Colorectal Cancer,Colorectal Adenocarcinoma,1,Invasive,0.7260,0,3,1,Cluster4,0,1,MSS,42,COADREAD,4 - rectum,Primary,1,Matched,1.4,Stage I
TCGA-AG-A00C,TCGA-AG-A00C-01,Colorectal Cancer,Rectal Adenocarcinoma,1,Invasive,0.1200,0,3,1,Cluster3,0,1,MSS,52,READ,4 - rectum,Primary,1,Matched,1.733333333,Stage IIIB
TCGA-AG-A00H,TCGA-AG-A00H-01,Colorectal Cancer,Rectal Adenocarcinoma,1,Invasive,0.2629,0,1,1,Cluster4,0,1,MSS,53,READ,4 - rectum,Primary,1,Matched,1.866666667,Stage IIA
TCGA-AG-A00Y,TCGA-AG-A00Y-01,Colorectal Cancer,Rectal Adenocarcinoma,0,Invasive,0.2973,0,,0,Cluster3,0,1,MSS,83,READ,4 - rectum,Primary,1,Matched,6.5,Stage IIA
TCGA-AG-A011,TCGA-AG-A011-01,Colorectal Cancer,Rectal Adenocarcinoma,1,Invasive,0.3248,0,1,1,CIMP.L,0,1,MSS,89,READ,4 - rectum,Primary,1,Matched,4.2,Stage IIA
TCGA-AG-A014,TCGA-AG-A014-01,Colorectal Cancer,Rectal Adenocarcinoma,1,CIN,0.4536,0,1,1,Cluster4,0,1,MSS,106,READ,4 - rectum,Primary,1,Matched,5.566666667,Stage I
TCGA-AG-A015,TCGA-AG-A015-01,Colorectal Cancer,Rectal Adenocarcinoma,1,Invasive,0.9472,0,3,1,Cluster3,0,1,MSS,54,READ,4 - rectum,Primary,1,Matched,1.8,Stage I
TCGA-AG-A016,TCGA-AG-A016-01,Colorectal Cancer,Rectal Adenocarcinoma,1,CIN,0.7687,0,1,1,Cluster3,0,1,MSS,40,READ,4 - rectum,Primary,1,Matched,1.333333333,Stage IV
TCGA-AG-A01J,TCGA-AG-A01J-01,Colorectal Cancer,Rectal Adenocarcinoma,1,CIN,0.1856,,,0,Cluster4,0,1,MSS,,READ,4 - rectum,Primary,0,Matched,,Stage IIA
TCGA-AG-A01L,TCGA-AG-A01L-01,Colorectal Cancer,Rectal Adenocarcinoma,1,Invasive,0.3084,0,3,1,Cluster3,0,1,MSS,61,READ,4 - rectum,Primary,1,Matched,3.066666667,Stage IIIB
TCGA-AG-A01N,TCGA-AG-A01N-01,Colorectal Cancer,Rectal Adenocarcinoma,1,CIN,0.3290,,,0,Cluster4,0,1,MSS,,READ,4 - rectum,Primary,0,Matched,,Stage IV
TCGA-AG-A01W,TCGA-AG-A01W-01,Colorectal Cancer,Rectal Adenocarcinoma,1,,0.5073,0,,0,,,0,MSS,98,READ,4 - rectum,Primary,1,Matched,3.266666667,Stage IIA
TCGA-AG-A01Y,TCGA-AG-A01Y-01,Colorectal Cancer,Rectal Adenocarcinoma,1,,0.3297,0,,0,,,0,MSS,68,READ,4 - rectum,Primary,1,Matched,2.266666667,Stage IIA
TCGA-AG-A020,TCGA-AG-A020-01,Colorectal Cancer,Colorectal Adenocarcinoma,1,,0.1809,0,,0,,,0,MSS,60,COADREAD,4 - rectum,Primary,1,Matched,2.033333333,Stage IIIB
TCGA-AG-A023,TCGA-AG-A023-01,Colorectal Cancer,Rectal Adenocarcinoma,1,MSI/CIMP,0.2104,,,0,Cluster4,0,1,MSS,,READ,4 - rectum,Primary,0,Matched,,Stage IV
TCGA-AG-A025,TCGA-AG-A025-01,Colorectal Cancer,Rectal Adenocarcinoma,1,Invasive,0.0333,0,2a,1,Cluster3,0,1,MSS,67,READ,4 - rectum,Primary,1,Matched,2.366666667,Stage I
TCGA-AG-A026,TCGA-AG-A026-01,Colorectal Cancer,Rectal Adenocarcinoma,1,,0.4292,0,1,1,Cluster3,0,0,MSS,171,READ,4 - rectum,Primary,1,Matched,5.7,
TCGA-AG-A02G,TCGA-AG-A02G-01,Colorectal Cancer,Rectal Adenocarcinoma,1,CIN,0.4973,0,3,1,Cluster4,0,1,MSS,41,READ,4 - rectum,Primary,1,Matched,1.5,Stage IV
TCGA-AG-A02N,TCGA-AG-A02N-01,Colorectal Cancer,Rectal Adenocarcinoma,1,,0.0980,1,,0,,,0,MSI-H,907,READ,4 - rectum,Primary,1,Matched,30.33333333,Stage IIA
TCGA-AG-A02X,TCGA-AG-A02X-01,Colorectal Cancer,Rectal Adenocarcinoma,1,Invasive,0.9653,0,3,1,CIMP.H,0,1,MSS,98,READ,4 - rectum,Primary,1,Matched,3.633333333,Stage I
TCGA-AG-A032,TCGA-AG-A032-01,Colorectal Cancer,Rectal Adenocarcinoma,1,CIN,0.4336,0,3,1,Cluster4,0,1,MSS,61,READ,4 - rectum,Primary,1,Matched,2.266666667,Stage IIIB
TCGA-AG-A036,TCGA-AG-A036-01,Colorectal Cancer,Rectal Adenocarcinoma,0,,,0,,0,,,0,MSS,109,READ,4 - rectum,Primary,1,Matched,3.733333333,Stage IIIB
TCGA-AY-4070,TCGA-AY-4070-01,Colorectal Cancer,Colon Adenocarcinoma,1,CIN,0.3407,0,1,1,Cluster3,0,1,MSS,90,COAD,1 - right colon,Primary,1,Matched,3.566666667,Stage IIIC
TCGA-AY-4071,TCGA-AY-4071-01,Colorectal Cancer,Colorectal Adenocarcinoma,1,CIN,0.3320,0,3,1,Cluster3,0,1,MSS,83,COADREAD,,Primary,1,Matched,2.766666667,Stage I
TCGA-AZ-4308,TCGA-AZ-4308-01,Colorectal Cancer,Colon Adenocarcinoma,1,,0.1974,,,0,,,0,MSS,,COAD,3 - left colon,Primary,0,Matched,,Stage IIIB
TCGA-AZ-4313,TCGA-AZ-4313-01,Colorectal Cancer,Colon Adenocarcinoma,1,,0.1381,,,,,,0,MSI-H,,COAD,1 - right colon,Primary,0,Matched,,Stage I
TCGA-AZ-4315,TCGA-AZ-4315-01,Colorectal Cancer,Colon Adenocarcinoma,1,,0.0013,,,,,,0,MSS,,COAD,1 - right colon,Primary,0,Matched,,Stage IIA
TCGA-AZ-4614,TCGA-AZ-4614-01,Colorectal Cancer,Colon Adenocarcinoma,1,,0.3669,,,,,,0,MSI-L,,COAD,,Primary,0,Matched,,Stage IVA
TCGA-AZ-4615,TCGA-AZ-4615-01,Colorectal Cancer,Colon Adenocarcinoma,1,,0.0587,,,,,,0,MSI-H,,COAD,,Primary,0,Matched,,Stage IIIB
TCGA-AZ-4681,TCGA-AZ-4681-01,Colorectal Cancer,Colon Adenocarcinoma,1,,0.2380,,,,,,0,MSS,,COAD,1 - right colon,Primary,0,Matched,,Stage IIA
TCGA-AZ-4682,TCGA-AZ-4682-01,Colorectal Cancer,Colon Adenocarcinoma,1,,0.3540,,,,,,0,MSS,,COAD,3 - left colon,Primary,0,Matched,,Stage IVA
TCGA-AZ-4684,TCGA-AZ-4684-01,Colorectal Cancer,Colon Adenocarcinoma,1,,0.2936,,,,,,0,MSI-L,,COAD,,Primary,0,Matched,,Stage IVA
TCGA-CA-5256,TCGA-CA-5256-01,Colorectal Cancer,Colon Adenocarcinoma,1,,0.4695,,,,,,0,MSS,,COAD,1 - right colon,Primary,0,Matched,,Stage IIA
TCGA-CK-4951,TCGA-CK-4951-01,Colorectal Cancer,Colorectal Adenocarcinoma,1,,0.0026,,,,,,0,MSI-H,,COADREAD,1 - right colon,Primary,0,Matched,,Stage IIA
TCGA-CM-4744,TCGA-CM-4744-01,Colorectal Cancer,Colon Adenocarcinoma,1,,0.1898,,,,,,0,MSS,,COAD,1 - right colon,Primary,0,Matched,,Stage I
TCGA-CM-4746,TCGA-CM-4746-01,Colorectal Cancer,Colon Adenocarcinoma,1,,0.1196,,,,,,0,MSI-H,,COAD,3 - left colon,Primary,0,Matched,,Stage I
TCGA-CM-4747,TCGA-CM-4747-01,Colorectal Cancer,Colon Adenocarcinoma,1,,0.4449,,,,,,0,MSI-L,,COAD,1 - right colon,Primary,0,Matched,,Stage IVA
TCGA-CM-4748,TCGA-CM-4748-01,Colorectal Cancer,Colon Adenocarcinoma,1,,0.0119,,,,,,0,MSS,,COAD,2 - transverse colon,Primary,0,Matched,,Stage IIIB
TCGA-CM-4750,TCGA-CM-4750-01,Colorectal Cancer,Colon Adenocarcinoma,1,,0.2858,,,,,,0,MSI-L,,COAD,,Primary,0,Matched,,Stage IIIA
TCGA-CM-4752,TCGA-CM-4752-01,Colorectal Cancer,Colon Adenocarcinoma,1,,0.4029,,,,,,0,MSS,,COAD,1 - right colon,Primary,0,Matched,,Stage IIA
TCGA-CM-5341,TCGA-CM-5341-01,Colorectal Cancer,Colon Adenocarcinoma,1,,0.2701,,,,,,0,MSS,,COAD,3 - left colon,Primary,0,Matched,,Stage IIIA
