patientId,sampleId,AGE_AT_SEQ_REPORTED_YEARS,ARCHER,BONE_FSM,BONE_TIME_INTERVAL,CANCER_TYPE,CANCER_TYPE_DETAILED,CLASSIFICATION_OF_PRIMARY_SITE,DIFFERENTIATION,DURATION_IBD_AT_DX_10_YEARS,ERROR_PERCENT,FIRST_SITE_OF_METS,FRACTION_GENOME_ALTERED,GENE_PANEL,GYN_FSM,IBD_STATUS_AT_DIAGNOSIS,INSTITUTE,INTERVAL_FROM_LAST_COLONOSCOPY_TO_CAC_DX,LIVER_FSM,LIVER_TIME_INTERVAL,LN_FSM,LUNG_FSM,LUNG_TIME_INTERVAL,MEDIAN_COVERAGE,METASTATIC_SITE,MSI_SCORE,MSI_TYPE,MUTATION_COUNT,ONCOTREE_CODE,OTHER_FSM,PAO_FSM,PATHOLOGY_OF_NORMAL_MUCOSA,PELVIS_FSM,PRESENTATION,PRIMARY_HISTOLOGY,PRIMARY_SITE,RESECTABLE,SAMPLE_COVERAGE,SAMPLE_TYPE,SOMATIC_STATUS,SPECIAL_HISTOLOGY,SPECIMEN_PRESERVATION_TYPE,TISSUE_SEQUENCED,TMB_NONSYNONYMOUS,TUMOR_PURITY
P-0000979,P-0000979-T01-IM3,57,NO,,,Colorectal Cancer,Colon Adenocarcinoma,R side,Mod,Greater,,Liver,0.0806,IMPACT341,,Quiescent,MSK-IMPACT,>5_YEARS,Yes,0,,,,459,Liver,0.34,Stable,7,COAD,,,Active enteritis,,Bowel Symptoms,Mod Diff,R Colon,No,459,Metastasis,Matched,No,,Liver,15.52817421,60
P-0002512,P-0002512-T02-IM5,58,NO,Yes,0,Colorectal Cancer,Rectal Adenocarcinoma,L side,,Greater,,Bone,0.2050,IMPACT410,,Active IBD,MSK-IMPACT,,,9.763313609,,,,901,Chest Wall,1.16,Stable,3,READ,,,Active enteritis,,Bowel Symptoms,Mod-poorly Diff,Rectum,No,901,Metastasis,Matched,,,Chest Wall,5.872318186,80
P-0002960,P-0002960-T01-IM3,52,NO,,,Colorectal Cancer,Rectal Adenocarcinoma,L side,Mod,Greater,,Lungs,0.1370,IMPACT341,,Procto/Colectomy,MSK-IMPACT,,,,,Yes,0,578,Lung,0.17,Stable,6,READ,,,Active enteritis,,Bowel Symptoms,,Rectum,No,578,Metastasis,Matched,No,,Lung,13.30986361,20
P-0004401,P-0004401-T01-IM5,49,NO,,,Colorectal Cancer,Colon Adenocarcinoma,L side,Poor,Greater,,,0.2196,IMPACT410,,Active IBD,MSK-IMPACT,,,,,,,480,,0.42,Stable,3,COAD,,,Active enteritis,,Bowel Symptoms,Poorly Diff,Sigmoid,No,480,Primary,Matched,Combined adenocarcinoma - high grade neuroendocrine carcinoma of small cell type,,Colon,5.872318186,40
P-0004401,P-0004401-T02-IM6,51,NO,,8.711374096,Colorectal Cancer,Rectal Adenocarcinoma,L side,Poor,Greater,,"Peritoneum, Small Intestine",0.1673,IMPACT468,,Active IBD,MSK-IMPACT,,,3.320184089,,,,927,Small Bowel,0.95,Stable,15,READ,Yes,Yes,,,Screening Colonoscopy,Poorly Diff,Rectum,No,927,Metastasis,Matched,No,,Small Bowel,25.94094285,10
P-0006184,P-0006184-T01-IM5,57,NO,,,Rectal Adenocarcinoma,Rectal Adenocarcinoma,L side,Poor,Greater,,,0.1791,IMPACT410,,Active IBD,MSK-IMPACT,1_3_YEARS,,,,,,985,,0,Stable,4,READ,,,Active enteritis,,Screening Colonoscopy,Poorly Diff,Rectum,,985,Primary,Matched,No,,Rectum,7.829757581,20
P-0007637,P-0007637-T01-IM5,49,NO,,,Colorectal Cancer,Rectal Adenocarcinoma,L side,,Greater,,,0.0000,IMPACT410,,Active IBD,MSKCC,,,,,,,,,0.26,Stable,1,READ,,,Chronic inactive enteritis,,Fistula/Abscess/Stricture,Mod Diff,Rectum,,857,Primary,Matched,,,,0.978719698,40
P-0007999,P-0007999-T01-IM5,56,NO,,,Colorectal Cancer,Colon Adenocarcinoma,R side,Mod-Poor,Greater,,"Lungs, Peritoneum",0.0154,IMPACT410,,Active IBD,MSK-IMPACT,,,,,Yes,0,868,,0.25,Stable,11,COAD,,Yes,Unremarkable,,Bowel Symptoms,Mod-poorly Diff,Ascending Colon,No,868,Primary,Matched,No,,Colon,21.53183335,30
P-0009200,P-0009200-T01-IM5,65,NO,,,Colorectal Cancer,Colon Adenocarcinoma,L side,,Greater,,Peritoneum,0.1989,IMPACT410,,Quiescent,MSK-IMPACT,,,,,,,830,Peritoneum,0.43,Stable,4,COAD,,Yes,,,Bowel Symptoms,Mod Diff,Descending Colon,No,830,Metastasis,Matched,,,Peritoneum,7.829757581,40
P-0009993,P-0009993-T01-IM5,75,NO,,,Colon Adenocarcinoma,Colon Adenocarcinoma,L side,Mod,Greater,,Liver,0.1056,IMPACT410,,Quiescent,MSK-IMPACT,3_5_YEARS,Yes,0,,,95.2991453,733,,1.25,Stable,4,COAD,,,Unremarkable,,Bowel Symptoms,Mod Diff,Sigmoid,Yes,733,Primary,Matched,No,,Colon,7.829757581,50
P-0010009,P-0010009-T01-IM5,42,NO,,58.02103879,Colorectal Adenocarcinoma,Colorectal Adenocarcinoma,L side,,Greater,,Lung,0.0141,IMPACT410,,Procto/Colectomy,MSK-IMPACT,,Yes,0,,,,1178,Lung,0.08,Stable,3,COADREAD,,,,,Imaging,Mod Diff,Rectum,Yes,1178,Metastasis,Matched,,,Lung,5.872318186,40
P-0010118,P-0010118-T01-IM5,49,NO,,,Colorectal Cancer,Signet Ring Cell Adenocarcinoma of the Colon and Rectum,L side,Poor,Greater,,Peritoneum,0.0383,IMPACT410,,Active IBD,MSK-IMPACT,,,,,,,814,,0.15,Stable,4,SRCCR,,Yes,,,Bowel Symptoms,Poorly Diff,L Colon,No,814,Primary,Matched,"Mucinous features, signet ring features",,Colon,7.829757581,20
P-0010497,P-0010497-T01-IM5,31,NO,,,Colorectal Adenocarcinoma,Colorectal Adenocarcinoma,L side,Poor,Greater,,"Peritoneum, Pelvis",0.0871,IMPACT410,,Quiescent,MSK-IMPACT,3_5_YEARS,,,,,,762,,0.69,Stable,8,COADREAD,,Yes,Chronic inactive enteritis,Yes,Bowel Symptoms,Poorly Diff,Sigmoid,No,762,Primary,Matched,No,,Colon,15.65951516,50
P-0010951,P-0010951-T01-IM5,38,NO,,,Small Bowel Cancer,Small Bowel Cancer,R side,Mod,Less,,,0.0701,IMPACT410,,Active IBD,MSK-IMPACT,1_YEAR,,,,,,886,,0.49,Stable,3,SBC,,,Active enteritis,,Fistula/Abscess/Stricture,Mod Diff,Ileum,,886,Primary,Matched,No,,Small Bowel,5.872318186,20
P-0011184,P-0011184-T01-IM5,32,NO,,,Colorectal Cancer,Colon Adenocarcinoma,R side,,Greater,,Liver,0.0034,IMPACT410,,Active IBD,MSK-IMPACT,3_5_YEARS,Yes,0.06574622,,,29.12557528,980,,0,Stable,7,COAD,,,Active enteritis,,Bowel Symptoms,Mod Diff,Transverse Colon,No,980,Primary,Matched,,,Colon,13.70207577,30
P-0011396,P-0011396-T01-IM5,55,NO,,,Colorectal Cancer,Rectal Adenocarcinoma,L side,Mod-Poor,Greater,,,0.0044,IMPACT410,,Active IBD,MSK-IMPACT,1_3_YEARS,,,,,,977,,0.6,Stable,6,READ,,,Active enteritis,,Screening Colonoscopy,Mod-poorly Diff,Rectum,,977,Primary,Matched,Mucinous features; signet ring features,,Rectum,11.74463637,20
P-0011445,P-0011445-T01-IM5,44,NO,,,Colorectal Cancer,Rectal Adenocarcinoma,L side,Mod,Greater,,,0.0579,IMPACT410,,Active IBD,MSK-IMPACT,1_3_YEARS,,,,,,906,,0,Stable,6,READ,,,Unremarkable,,Screening Colonoscopy,Mod-poorly Diff,Rectum,No,906,Primary,Matched,No,,Rectum,11.74463637,10
P-0012110,P-0012110-T01-IM5,36,NO,Yes,0,Colorectal Cancer,Rectal Adenocarcinoma,L side,,Greater,,"Liver, Lung, Bone",0.2484,IMPACT410,,Active IBD,MSK-IMPACT,1_YEAR,Yes,0,,Yes,0,991,Liver,0.39,Stable,3,READ,,,,,Bowel Symptoms,Poorly Diff,Rectal,No,991,Metastasis,Matched,,,Liver,5.872318186,30
P-0012416,P-0012416-T01-IM5,70,NO,,,Small Bowel Cancer,Small Bowel Cancer,R side,Mod,Greater,,,0.0046,IMPACT410,,Active IBD,MSK-IMPACT,,,,,,,1164,,0,Stable,9,SBC,,,Active enteritis,,Fistula/Abscess/Stricture,Mod Diff,Ileocolonic Anastomosis,,1164,Primary,Matched,Mucinous,,Colon,17.61695456,30
P-0012723,P-0012723-T01-IM5,55,NO,,,Colorectal Cancer,Colon Adenocarcinoma,L side,Mod,Greater,,"Pelvis, Ovary",0.0419,IMPACT410,Yes,Active IBD,MSK-IMPACT,1_3_YEARS,,,,,,1039,,0.14,Stable,4,COAD,,,,Yes,Bowel Symptoms,,Sigmoid,No,1039,Primary,Matched,No,,Colon,5.872318186,60
P-0014021,P-0014021-T01-IM5,60,NO,,,Colorectal Cancer,Rectal Adenocarcinoma,L side,Mod,Greater,,,0.4702,IMPACT410,,Active IBD,MSK-IMPACT,1_3_YEARS,,,,,,917,Vagina,2.74,Stable,8,READ,,,Chronic inactive enteritis,,Fistula/Abscess/Stricture,Mod Diff,Rectum,No,917,Primary,Matched,Mucinous,,Rectum,19.57439395,30
P-0014499,P-0014499-T01-IM6,57,NO,,,Colorectal Cancer,Rectal Adenocarcinoma,L side,Poor,Greater,,Peritoneum,0.0061,IMPACT468,,Active IBD,MSK-IMPACT,1_YEAR,,,,,,549,,0,Stable,2,READ,,Yes,Unremarkable,,Bowel Symptoms,Poorly Diff,Rectum,No,549,Primary,Matched,Signet ring cell,,Rectum,3.45879238,20
P-0015493,P-0015493-T01-IM6,69,YES,,,Small Bowel Cancer,Duodenal Adenocarcinoma,Small Intestine,Poor,Greater,,,0.0054,IMPACT468,,Quiescent,MSK-IMPACT,,,,,,,664,,0.23,Do not report,2,DA,,,,,Bowel Symptoms,Poorly Diff,Small Intestine,No,664,Primary,Matched,Focal neuroendocrine component,,Small Bowel,3.45879238,20
P-0015635,P-0015635-T01-IM6,52,NO,,,Small Bowel Cancer,Small Bowel Cancer,Small Intestine,Mod,Greater,,,0.1301,IMPACT468,,Active IBD,MSK-IMPACT,,,,,,,701,,0.55,Do not report,3,SBC,,,Chronic inactive enteritis,,Fistula/Abscess/Stricture,Mod Diff,Ileum,,701,Primary,Matched,No,,Small Bowel,5.18818857,30
P-0016443,P-0016443-T02-IM6,38,NO,,,Cancer of Unknown Primary,"Adenocarcinoma, NOS",Small Intestine,Mod,Greater,,,0.0196,IMPACT468,,Active IBD,MSK-IMPACT,1_3_YEARS,,,,,,601,,0.15,Stable,2,ADNOS,,,Active enteritis,,Fistula/Abscess/Stricture,Mod Diff,Ileum,,601,Primary,Matched,No,,Small Bowel,3.45879238,10
P-0017016,P-0017016-T01-IM6,50,NO,,,Colorectal Adenocarcinoma,Colorectal Adenocarcinoma,L side,Mod,Greater,,,0.0239,IMPACT468,,Active IBD,MSK-IMPACT,1_YEAR,,,,,,631,,0.77,Do not report,8,COADREAD,,,Active enteritis,,Bowel Symptoms,Poorly Diff,Rectum,,631,Primary,Matched,No,,Rectum,13.83516952,60
P-0017016,TRF094958,,,,,Colorectal Cancer,Colon Adenocarcinoma,L side,Poor,Greater,0.25%,,,FoundationOne,,Active IBD,Foundation,,,,,,,372,,,,12,COAD,,,Active enteritis,,Screening Colonoscopy,Mod-poorly Diff,Rectosigmoid,,,Primary,Unmatched,Signet Ring,,Colon,13.86789444,
P-0018857,P-0018857-T01-IM6,58,NO,,10.02629849,Small Bowel Cancer,Small Bowel Cancer,Small Intestine,Poor,Greater,,Liver,0.1440,IMPACT468,,Active IBD,MSK-IMPACT,,Yes,0,,,,1096,Liver,0.97,Do not report,4,SBC,,,,,Fistula/Abscess/Stricture,Poorly Diff,Ileum,No,1096,Metastasis,Matched,Mucinous Features,,Liver,6.91758476,30
P-0019621,P-0019621-T01-IM6,44,NO,,,Colorectal Cancer,Rectal Adenocarcinoma,Anal Fistula,,Greater,,,0.0567,IMPACT468,,Active IBD,MSK-IMPACT,,,,,,,350,Vagina,0.51,Stable,3,READ,,,Active enteritis,,Fistula/Abscess/Stricture,Mod Diff,Anal,,350,Metastasis,Matched,,,Vagina,5.18818857,10
P-0020135,P-0020135-T01-IM6,36,YES,,11.90006575,Colorectal Cancer,Colon Adenocarcinoma,L side,,Greater,,Liver,0.1548,IMPACT468,,Active IBD,MSK-IMPACT,,Yes,0,,,,766,,0.06,Stable,2,COAD,,,Unremarkable,,Bowel Symptoms,Mod Diff,Rectum,No,766,Primary,Matched,,,Rectum,3.45879238,20
P-0020480,P-0020480-T01-IM6,67,NO,,,Colorectal Cancer,Colon Adenocarcinoma,R side,,,,Peritoneum,0.0166,IMPACT468,,,MSKCC,1_3_YEARS,,,,,,,Peritoneum,0.26,Stable,4,COAD,,Yes,Active enteritis,,,Poorly Diff,Colon,No,899,Metastasis,Matched,,,,3.45879238,20
P-0021194,P-0021194-T01-IM6,43,YES,,,Colorectal Cancer,Colon Adenocarcinoma,R side,,Greater,,"LNs, Liver, Lungs",0.1334,IMPACT468,,Active IBD,MSKCC,,Yes,1.808021039,Yes,Yes,1.808021039,,,0.37,Stable,3,COAD,,,,,Metastatic Disease,Poorly Diff,Colon,No,486,Primary,Matched,,,,2.594094285,20
P-0021194,P-0021194-T03-IM7,48,NO,,,Colorectal Cancer,Colon Adenocarcinoma,L side,,Greater,,Liver,,IMPACT505,,Active IBD,MSKCC,,Yes,0,,,,,,,,9,COAD,,,,,Screening Colonoscopy,Mod-poorly Diff,Colon,YES,91,Primary,Matched,,,Primary,0,20
P-0022329,P-0022329-T01-IM6,70,NO,,,Colorectal Cancer,Colon Adenocarcinoma,R side,,Greater,,,0.1098,IMPACT468,,Quiescent many years,MSKCC,,,,,,,,,0.07,Stable,9,COAD,,,Active enteritis,,Bowel Symptoms,Mod Diff,Sigmoid Colon,,593,Primary,Matched,,,Primary,15.56456571,10
P-0022336,P-0022336-T01-IM6,42,NO,,,Colorectal Cancer,Colorectal Adenocarcinoma,L side,,Greater,,,0.4442,IMPACT468,,Quiescent,MSK-IMPACT,1_YEAR,,,,,,688,,1.39,Stable,5,COADREAD,,,Chronic inactive enteritis,,Fistula/Abscess/Stricture,Poorly Diff,Rectum,No,688,Primary,Matched,,,Rectum,8.64698095,60
P-0022822,P-0022822-T01-IM6,68,YES,,,Colorectal Cancer,Colon Adenocarcinoma,L side,Poor,Greater,,,0.0856,IMPACT468,,Active IBD,MSK-IMPACT,1_YEAR,,,,,,474,,0.24,Stable,6,COAD,,,Active enteritis,,Bowel Symptoms,Poorly Diff,Rectosigmoid,,474,Primary,Matched,No,,Colon,8.64698095,20
P-0025046,P-0025046-T01-IM6,51,NO,,22.55095332,Colorectal Cancer,Rectal Adenocarcinoma,L side,Mod-Poor,Greater,,LN,0.4568,IMPACT468,,Active IBD,MSK-IMPACT,1_3_YEARS,,,Yes,,11.27547666,562,,1.3,Stable,4,READ,,,Unremarkable,,Bowel Symptoms,Mod-poorly Diff,Rectum,No,562,Primary,Matched,No,,Rectum,6.91758476,80
P-0027113,P-0027113-T01-IM6,53,NO,,,Colorectal Cancer,Colon Adenocarcinoma,L side,,Greater,,Liver,0.1849,IMPACT468,,Active IBD,MSKCC,1_3_YEARS,Yes,0,,,,,,0.26,Stable,6,COAD,,,Active enteritis,,Bowel Symptoms,Poorly Diff,Colon,No,512,Primary,Matched,,,,5.18818857,20
P-0027647,P-0027647-T01-IM6,67,NO,,36.68639053,Colorectal Cancer,Colon Adenocarcinoma,L side,,Greater,,Liver,0.1690,IMPACT468,,Quiescent,MSKCC,>5_YEARS,Yes,0,,,16.89677844,,Liver,0.16,Stable,6,COAD,,,Chronic inactive enteritis,,Fistula/Abscess/Stricture,Mod Diff,Colon,Yes,610,Metastasis,Matched,,,,5.18818857,30
P-0028512,P-0028512-T01-IM6,76,NO,,,Colorectal Cancer,Colon Adenocarcinoma,R side,,Greater,,Liver,0.3706,IMPACT468,,Active IBD,MSKCC,,Yes,0,,,,,Liver,9.98,Do not report,12,COAD,,,Unremarkable,,Screening Colonoscopy,Mod-poorly Diff,Colon,Yes,109,Metastasis,Matched,,,,10.37637714,70
P-0028913,P-0028913-T01-IM6,54,NO,Yes,0,Colorectal Cancer,Rectal Adenocarcinoma,L side,Mod-Poor,Greater,,"Lung, Liver, Bone",0.7965,IMPACT468,,Quiescent,MSK-IMPACT,1_3_YEARS,Yes,0,,Yes,0,708,,1.21,Stable,9,READ,,,Chronic inactive enteritis,,Screening Colonoscopy,Mod-poorly Diff,Rectum,No,708,Primary,Matched,No,,Rectum,15.56456571,50
P-0029060,P-0029060-T01-IM6,67,NO,Yes,0,Small Bowel Cancer,Small Bowel Cancer,Small Intestine,Mod,Greater,,"Bone, Liver, LNs, Lungs",0.2306,IMPACT468,,Active IBD,MSK-IMPACT,,Yes,0,Yes,Yes,0,556,,0,Stable,4,SBC,,,Active enteritis,,Bowel Symptoms,Mod Diff,Small Intestine,No,556,Primary,Matched,No,,Small Bowel,6.91758476,30
P-0030802,P-0030802-T01-IM6,50,NO,,,Colorectal Cancer,Mucinous Adenocarcinoma of the Colon and Rectum,L side,,Greater,,PAO,0.1158,IMPACT468,,Procto/Colectomy,MSKCC,1_YEAR,,,,,,,Pelvis,0,Stable,5,MACR,,,Active enteritis,Yes,Bowel Symptoms,Mod-poorly Diff,Colon,No,517,Primary,Matched,,,,4.323490475,30
P-0030865,P-0030865-T01-IM6,44,NO,,,Colorectal Cancer,Mucinous Adenocarcinoma of the Colon and Rectum,L side,Mod,Greater,,Skin,0.0386,IMPACT468,,Active IBD,MSK-IMPACT,1_3_YEARS,,,,,,569,,0,Stable,5,MACR,Yes,,Chronic inactive enteritis,,Fistula/Abscess/Stricture,Mod Diff,Rectum,No,569,Primary,Matched,mucinous,,Rectum,8.64698095,30
P-0032010,P-0032010-T01-IM6,47,YES,,,Colorectal Cancer,Signet Ring Cell Adenocarcinoma of the Colon and Rectum,R side,Poor,Less,,Peritoneum,0.0155,IMPACT468,,Active IBD,MSK-IMPACT,1_3_YEARS,,,,,,512,,0,Stable,7,SRCCR,,Yes,Active enteritis,,Bowel Symptoms,Poorly Diff,Transverse Colon,No,512,Primary,Matched,Signet ring,,Colon,12.10577333,30
P-0032044,P-0032044-T01-IM6,66,YES,,33.00460224,Colorectal Adenocarcinoma,Colorectal Adenocarcinoma,L side,Poor,Greater,,"Liver, LNs",0.1257,IMPACT468,,Active IBD,MSK-IMPACT,,Yes,0,Yes,,15.97633136,396,Liver,0.15,Stable,4,COADREAD,,,Active enteritis,,Bowel Symptoms,Poorly Diff,Rectum,No,396,Metastasis,Matched,No,,Liver,6.91758476,60
P-0032052,P-0032052-T01-IM6,82,NO,,,Colorectal Cancer,Colon Adenocarcinoma,R side,,Greater,,N/A,0.1126,IMPACT468,,Active IBD,MSKCC,1_YEAR,,,,,,,,0.16,Stable,4,COAD,,,Active enteritis,,Bowel Symptoms,Mod Diff,Colon,No,337,Primary,Matched,,,,3.45879238,20
P-0032985,P-0032985-T01-IM6,76,YES,,,Small Bowel Cancer,Small Bowel Cancer,Small Intestine,Well,Greater,,,0.3646,IMPACT468,,Active IBD,MSK-IMPACT,,,,,,,534,,0.54,Stable,7,SBC,,,Active enteritis,,Bowel Symptoms,Mod Diff,Ileum,No,534,Primary,Matched,No,,Small Bowel,12.10577333,50
P-0033141,P-0033141-T01-IM6,75,YES,,,Colorectal Cancer,Colon Adenocarcinoma,L side,Poor,Greater,,Pelvis,0.0044,IMPACT468,,Quiescent,MSK-IMPACT,>5_YEARS,,,,,,643,,0,Stable,7,COAD,,,,Yes,Bowel Symptoms,Poorly Diff,Sigmoid,No,643,Primary,Matched,"Mucinous features, signet ring features",,Colon,12.10577333,10
P-0033800,P-0033800-T01-IM6,49,YES,Yes,1.347797502,Rectal Adenocarcinoma,Rectal Adenocarcinoma,L side,,Greater,,Bone,0.1105,IMPACT468,,Quiescent,MSKCC,,,32.05128205,,,32.05128205,,,0,Stable,4,READ,,,Chronic inactive enteritis,,Bowel Symptoms,Mod-poorly Diff,Rectum,No,576,Primary,Matched,,,,3.45879238,30
P-0033938,P-0033938-T01-IM6,57,NO,,9.59894806,Rectal Adenocarcinoma,Rectal Adenocarcinoma,Anal Fistula,Mod,Greater,,LNs,0.0054,IMPACT468,,Active IBD,MSK-IMPACT,,,28.43523997,Yes,,,833,Vagina,0,Stable,23,READ,,,,,Fistula/Abscess/Stricture,Mod Diff,Anal,No,833,Primary,Matched,No,,Vagina,39.77611237,20
P-0035209,P-0035209-T01-IM6,63,YES,,,Colorectal Cancer,Colorectal Adenocarcinoma,L side,Mod,Less,,,0.0662,IMPACT468,,Active IBD,MSK-IMPACT,>5_YEARS,,,,,,632,,0,Stable,6,COADREAD,,,Active enteritis,,Screening Colonoscopy,Mod Diff,Descending Colon,,632,Primary,Matched,No,,Colon,10.37637714,20
P-0035721,P-0035721-T01-IM6,60,NO,,,Cancer of Unknown Primary,"Adenocarcinoma, NOS",Small Intestine,,Greater,,Liver,0.2154,IMPACT468,,Active IBD,MSK-IMPACT,1_3_YEARS,Yes,0,,,,442,Liver,0.35,Stable,3,ADNOS,,,,,Bowel Symptoms,,Ileum,No,442,Metastasis,Matched,,,Liver,5.18818857,30
P-0035830,P-0035830-T01-IM6,72,NO,,,Colorectal Cancer,Colon Adenocarcinoma,L side,,Greater,,,0.0020,IMPACT468,,Active IBD,MSKCC,1_3_YEARS,,,,,,,,0,Stable,3,COAD,,,Active enteritis,,Screening Colonoscopy,Mod Diff,Rectosigmoid Colon,,372,Primary,Matched,,,,2.594094285,10
P-0035913,P-0035913-T01-IM6,52,NO,,,Colorectal Cancer,Rectal Adenocarcinoma,L side,Poor,Greater,,,0.4260,IMPACT468,,Active IBD,MSK-IMPACT,1_3_YEARS,,,,,,507,,0.52,Stable,4,READ,,,Active enteritis,,Screening Colonoscopy,Poorly Diff,Rectum,,507,Primary,Matched,mucinous,,Rectum,6.91758476,50
P-0036024,P-0036024-T01-IM6,66,NO,,,Cancer of Unknown Primary,"Adenocarcinoma, NOS",,,Greater,,Pelvis,0.0165,IMPACT468,,Active IBD,MSKCC,1_3_YEARS,,,,,,,Pelvis,0,Do not report,,ADNOS,,,Active enteritis,Yes,Fistula/Abscess/Stricture,Mod Diff,Anus,Yes,850,Primary,Matched,,,,0,10
P-0039752,P-0039752-T01-IM6,56,NO,,,Colorectal Cancer,Colon Adenocarcinoma,L side,Mod-Poor,Less,,,0.6131,IMPACT468,,No Prior Symptoms,MSK-IMPACT,,,,,,,530,,0.93,Stable,9,COAD,,,Active enteritis,,Bowel Symptoms,Mod-poorly Diff,Transverse Colon-Descending,,530,Primary,Matched,No,,Colon,15.56456571,60
P-0040030,P-0040030-T01-IM6,38,YES,,,Colon Adenocarcinoma,Colon Adenocarcinoma,R side,Mod,Greater,,,0.0006,IMPACT468,,Active IBD,MSK-IMPACT,1_YEAR,,,,,,741,,0,Stable,4,COAD,,,Active enteritis,,Bowel Symptoms,Mod Diff,Cecum,,741,Primary,Matched,Focal mucinous features,,Colon,5.18818857,20
P-0040338,P-0040338-T01-IM6,40,NO,,,Colorectal Cancer,Colon Adenocarcinoma,R side,,Less,,Liver,0.0002,IMPACT468,,Active IBD,MSK-IMPACT,1_3_YEARS,Yes,0,,,,630,,0.07,Stable,2,COAD,,,,,Metastatic Disease,Poorly Diff,Cecum,No,630,Primary,Matched,,,Colon,3.45879238,10
P-0040342,P-0040342-T01-IM6,53,NO,,0.657462196,Colorectal Adenocarcinoma,Colorectal Adenocarcinoma,L side,,Greater,,LNs,0.2581,IMPACT468,,Procto/Colectomy,MSKCC,>5_YEARS,,,Yes,,,,,0.3,Stable,7,COADREAD,,,,,Bowel Symptoms,Poorly Diff,Rectum,No,422,Primary,Matched,,,,6.052886665,60
P-0040508,P-0040508-T01-IM6,49,NO,,,Rectal Adenocarcinoma,Rectal Adenocarcinoma,R side,,Greater,,Liver,0.1246,IMPACT468,,Active IBD,MSKCC,1_YEAR,Yes,2.728468113,,,,,,0.05,Stable,11,READ,,,,,Bowel Symptoms,Mod Diff,Rectum,No,647,Primary,Matched,,,,9.511679045,30
P-0041605,P-0041605-T01-IM6,64,YES,,,Colon Adenocarcinoma,Colon Adenocarcinoma,L side,,Greater,,,0.4961,IMPACT468,,Quiescent,MSK-IMPACT,>5_YEARS,,,,,,651,,2.12,Stable,4,COAD,,,Active enteritis,,Bowel Symptoms,Mod Diff,Descending Colon,,651,Primary,Matched,,,Colon,6.91758476,60
P-0041972,P-0041972-T01-IM6,68,YES,,,Colon Adenocarcinoma,Colon Adenocarcinoma,L side,,Greater,,Liver,0.0104,IMPACT468,,Active IBD,MSK-IMPACT,1_YEAR,Yes,0,,,,659,Liver,0,Stable,5,COAD,,,,,Bowel Symptoms,,Rectum,Yes,659,Metastasis,Matched,,,Liver,8.64698095,30
P-0042542,P-0042542-T01-IM6,54,YES,,,Colon Adenocarcinoma,Colon Adenocarcinoma,L side,Poor,Greater,,Peritoneum,0.0015,IMPACT468,,Active IBD,MSK-IMPACT,1_YEAR,,,,,,509,Peritoneum,0,Stable,7,COAD,,Yes,,,Screening Colonoscopy,Poorly Diff,Splenic Flexure,Yes,509,Metastasis,Matched,Mucinous features,,Peritoneum,12.10577333,10
P-0042861,P-0042861-T01-IM6,39,YES,,,Colon Adenocarcinoma,Colon Adenocarcinoma,L side,,Greater,,N/A,0.0564,IMPACT468,,Active IBD,Other Institute,1_YEAR,,,,,,,,0.11,Stable,9,COAD,,,Active enteritis,,Screening Colonoscopy,Poorly Diff,Sigmoid Colon,,637,Primary,Matched,,,,7.782282855,20
P-0043352,P-0043352-T01-IM6,53,YES,,,Rectal Adenocarcinoma,Rectal Adenocarcinoma,L side,Poor,Greater,,LNs,0.0067,IMPACT468,,Active IBD,MSK-IMPACT,>5_YEARS,,,Yes,,,852,,0,Stable,3,READ,,,,,Bowel Symptoms,Poorly Diff,Rectum,No,852,Primary,Matched,Signet ring cell,,Rectum,5.18818857,10
P-0043364,P-0043364-T02-IM6,34,YES,,26.42998028,Colon Adenocarcinoma,Colon Adenocarcinoma,R side,,Greater,,Liver,0.0981,IMPACT468,,Active IBD,MSKCC,1_YEAR,Yes,13.90532544,,,26.42998028,,Liver,0.17,Stable,3,COAD,,,Active enteritis,,Imaging,Poorly Diff,Colon,No,348,Metastasis,Matched,,,,2.594094285,40
P-0043870,P-0043870-T01-IM6,62,YES,,,Rectal Adenocarcinoma,Rectal Adenocarcinoma,L side,,Greater,,,0.1562,IMPACT468,,Active IBD,MSKCC,1_3_YEARS,,,,,,,,0,Stable,3,READ,,,Active enteritis,,Screening Colonoscopy,Mod-poorly Diff,Rectum,,678,Primary,Matched,,,,2.594094285,20
P-0044779,P-0044779-T01-IM6,45,YES,,,Colorectal Adenocarcinoma,Colorectal Adenocarcinoma,L side,,Greater,,,0.0974,IMPACT468,,Active IBD,Other Institute,,,,,,,,,0.17,Stable,5,COADREAD,,,Active enteritis,,Fistula/Abscess/Stricture,Mod Diff,Ascending colon,,694,Primary,Matched,,,,4.323490475,30
P-0045185,P-0045185-T01-IM6,36,YES,,,Colorectal Cancer,Colon Adenocarcinoma,R side,Poor,Greater,,,0.1268,IMPACT468,,Active IBD,MSK-IMPACT,1_3_YEARS,,,,,,731,,0,Stable,5,COAD,,,Active enteritis,,Screening Colonoscopy,Poorly Diff,Ascending Colon,,611,Primary,Matched,"Mucinous features, signet ring features",,Colon,8.64698095,10
P-0045185,P-0045185-T02-IM6,36,NO,,,Colorectal Cancer,Colon Adenocarcinoma In Situ,,Poor,Greater,,,0.1757,IMPACT468,,Active IBD,MSK-IMPACT,1_3_YEARS,,,,,,611,,0.17,Stable,5,CAIS,,,Active enteritis,,Screening Colonoscopy,Poorly Diff,Hepatic Flexure,,731,Primary,Matched,"Mucinous features, signet ring features",,Colon,8.64698095,20
P-0045185,P-0045185-T03-IM6,36,YES,,,Colorectal Cancer,Mucinous Adenocarcinoma of the Colon and Rectum,,Poor,Greater,,,0.0835,IMPACT468,,Active IBD,MSK-IMPACT,1_3_YEARS,,,,,,642,,0.19,Stable,8,MACR,,,Active enteritis,,Screening Colonoscopy,Poorly Diff,Ascending Colon,,642,Primary,Matched,"Mucinous features, signet ring features",,Colon,13.83516952,20
P-0045221,P-0045221-T01-IM6,50,YES,,,Rectal Adenocarcinoma,Rectal Adenocarcinoma,L side,,Greater,,,0.0619,IMPACT468,,Quiescent,MSK-IMPACT,,,,,,,711,,0.32,Stable,5,READ,,,Active enteritis,,Bowel Symptoms,Mod Diff,Rectum,,711,Primary,Matched,,,Rectum,8.64698095,50
P-0045240,P-0045240-T01-IM6,44,NO,,,Colorectal Cancer,Colon Adenocarcinoma,R side,Mod,Greater,,Liver,0.0566,IMPACT468,,Active IBD,MSK-IMPACT,>5_YEARS,Yes,0,,,,553,,0,Stable,3,COAD,,,Unremarkable,,Bowel Symptoms,Mod Diff,Cecum,No,553,Primary,Matched,No,,Colon,5.18818857,10
P-0045463,P-0045463-T01-IM6,85,NO,,,Colon Adenocarcinoma,Colon Adenocarcinoma,L side,,Greater,,N/A,0.2235,IMPACT468,,Active IBD,MSKCC,,,,,,,,,0.05,Stable,13,COAD,,,Unremarkable,,Screening Colonoscopy,Mod Diff,Descending Colon,,656,Primary,Matched,,,,11.24107523,30
P-0046695,P-0046695-T01-IM6,56,NO,,17.91584484,Colorectal Cancer,Colon Adenocarcinoma,L side,,Greater,,"Peritoneum, Ovaries",0.0175,IMPACT468,Yes,Active IBD,MSKCC,1_3_YEARS,,,,,,,,0.06,Stable,2,COAD,,Yes,Chronic inactive enteritis,,Screening Colonoscopy,Mod Diff,Sigmoid Colon,Yes,513,Primary,Matched,,,,1.72939619,20
P-0047212,P-0047212-T01-IM6,46,NO,,5.358316897,Colorectal Cancer,Rectal Adenocarcinoma,L side,,Greater,,Lymph Nodes,0.3779,IMPACT468,,Active IBD,,>5_YEARS,,,Yes,,13.54372124,,,0.29,Stable,9,READ,,,,,Bowel Symptoms,Mod Diff,Rectum,No,738,Primary,Matched,,,,7.782282855,20
P-0047449,P-0047449-T01-IM6,36,YES,,,Colorectal Cancer,Colon Adenocarcinoma,L side,,Greater,,Peritoneum,0.3144,IMPACT468,,Active IBD,"MOUNT SINAI MEDICAL CENTER,DEPARTMENT OF PATHOLOGY- BOX 1194,ONE GUSTAVE L. LEVY PLACE,NEW YORK NY 10029,212-241-2675",1_3_YEARS,,,,,,,,0.6,Stable,3,COAD,,Yes,Active enteritis,,Bowel Symptoms,Poorly Diff,Sigmoid Colon,No,703,Primary,Matched,,,,2.594094285,30
P-0047764,P-0047764-T01-IM6,82,YES,,,Colorectal Cancer,Rectal Adenocarcinoma,L side,,Greater,,,0.2484,IMPACT468,,Active IBD,MSKCC,1_3_YEARS,,,,,,,,0.34,Stable,7,READ,,,Active enteritis,,Bowel Symptoms,Mod-poorly Diff,Rectum,,832,Primary,Matched,,,,6.052886665,40
P-0048828,P-0048828-T01-IM6,32,YES,,,Colon Adenocarcinoma,Colon Adenocarcinoma,R side,,Greater,,Peritoneum,0.0026,IMPACT468,,Active IBD,Other Institute,1_YEAR,,,,,,,,0.07,Stable,3,COAD,,Yes,,,Bowel Symptoms,,Ascending Colon,No,571,Primary,Matched,,,,2.594094285,10
P-0048971,P-0048971-T01-IM6,24,NO,,,Colon Adenocarcinoma,Colon Adenocarcinoma,R side,,Less,,Liver,0.0672,IMPACT468,,Active IBD,,1_YEAR,Yes,0,,,,,,0.22,Stable,8,COAD,,,,,Fistula/Abscess/Stricture,Poorly Diff,Descending Colon,No,745,Primary,Matched,,,,6.91758476,20
P-0052843,P-0052843-T01-IM6,66,YES,,,Rectal Adenocarcinoma,Rectal Adenocarcinoma,L side,,Greater,,N/A,0.3344,IMPACT468,,Active IBD,MSKCC,3_5_YEARS,,,,,,,,0.94,Stable,13,READ,,,Active enteritis,,Screening Colonoscopy,Mod-poorly Diff,Colon,,566,Primary,Matched,,,,11.24107523,20
P-0056085,P-0056085-T01-IM6,38,NO,,,Colon Adenocarcinoma,Colon Adenocarcinoma,L side,,Less,,Liver,0.0453,IMPACT468,,Active IBD,MSKCC,1_3_YEARS,,,,,,,,0,Stable,1,COAD,,,Active enteritis,,Bowel Symptoms,Mod Diff,Colon,Yes,658,Primary,Matched,,,,0.864698095,40
P-0057843,P-0057843-T01-IM6,50,NO,,,Small Bowel Cancer,Small Bowel Cancer,,,Less,,N/A,0.0000,IMPACT468,,Active IBD,MSKCC,,,,,,,,,0,Stable,4,SBC,,,Active enteritis,,Bowel Symptoms,,Bowel,,606,Primary,Matched,,,,3.45879238,5
P-0057984,P-0057984-T01-IM6,64,NO,,,Colon Adenocarcinoma,Colon Adenocarcinoma,R side,,Greater,,"Liver, Regional Nodal, Peritoneum",0.2556,IMPACT468,,Active IBD,MSKCC,1_3_YEARS,Yes,0.460223537,Yes,,,,,0.12,Stable,10,COAD,,Yes,Active enteritis,,Bowel Symptoms,Mod-poorly Diff,Colon,No,563,Primary,Matched,,,,8.64698095,30
P-0058127,P-0058127-T02-IM7,70,NO,,,Colorectal Cancer,Colorectal Adenocarcinoma,,,Greater,,,0.2476,IMPACT505,,Procto/Colectomy,Other Institute,,,,,,,,,3,Stable,15,COADREAD,,,,,Bowel Symptoms,Mod-poorly Diff,Colon,,504,Primary,Matched,,,Primary,24.6104171,40
P-0058352,P-0058352-T01-IM6,76,NO,,49.53977646,Small Bowel Cancer,Small Intestinal Carcinoma,L side,,Greater,,Peritoneum,0.1353,IMPACT468,,Active IBD,MSKCC,,,,,,,,,0.77,Stable,6,SIC,,Yes,,,Bowel Symptoms,Poorly Diff,Ileum,NO,849,Primary,Matched,,,Primary,10.37637714,60
P-0059142,P-0059142-T01-IM7,70,YES,,,Colon Adenocarcinoma,Colon Adenocarcinoma,L side,,Greater,,N/A,0.1624,IMPACT505,,Active IBD,MSKCC,,,,,,,,,0.09,Stable,3,COAD,,,Active enteritis,,Screening Colonoscopy,,Colon,,400,Primary,Matched,,,,2.46104171,40
P-0059968,P-0059968-T01-IM7,36,NO,,,Colorectal Adenocarcinoma,Colorectal Adenocarcinoma,L side,,Greater,,"Omentum, Pelvic Nodule",0.0011,IMPACT505,,Active IBD,MSKCC,1_YEAR,,11.34122288,,,,,Soft Tissue,0.02,Stable,2,COADREAD,,Yes,Active enteritis,Yes,Bowel Symptoms,Poorly Diff,Colon,No,440,Primary,Matched,,,,1.640694473,10
P-0060610,P-0060610-T01-IM7,47,NO,,,Rectal Adenocarcinoma,Rectal Adenocarcinoma,L side,,Greater,,Peritoneum,0.3554,IMPACT505,,Active IBD,MSKCC,1_3_YEARS,,,,,,,,0.5,Stable,2,READ,,Yes,,,Screening Colonoscopy,Mod-poorly Diff,Colon,Yes,604,Primary,Matched,,,,1.640694473,60
P-0060677,P-0060677-T01-IM7,67,YES,,,Colon Adenocarcinoma,Colon Adenocarcinoma,R side,,Greater,,Lymph Nodes,0.0180,IMPACT505,,Quiescent,MSKCC,>5_YEARS,,,Yes,,,,,0.6,Stable,5,COAD,,,Active enteritis,,Screening Colonoscopy,Poorly Diff,Colon,,462,Primary,Matched,,,,4.101736183,70
P-0060922,P-0060922-T01-IM7,68,YES,,,Colorectal Adenocarcinoma,Colorectal Adenocarcinoma,L side,,Less,,,0.1474,IMPACT505,,Active IBD,MSKCC,,,,,,,,,0.06,Stable,8,COADREAD,,,,,Bowel Symptoms,Mod Diff,Colon,,547,Primary,Matched,,,,6.562777893,40
P-0061615,P-0061615-T01-IM7,62,YES,,,Rectal Adenocarcinoma,Rectal Adenocarcinoma,L side,,Greater,,N/A,0.1390,IMPACT505,,Active IBD,MSKCC,1_3_YEARS,,,,,,,,1.98,Stable,10,READ,,,,,Bowel Symptoms,Mod-poorly Diff,Rectum,,484,Primary,Matched,,,,8.203472366,40
P-0062240,P-0062240-T01-IM7,62,YES,,,Colon Adenocarcinoma,Colon Adenocarcinoma,L side,,Greater,,Peritoneum,0.0000,IMPACT505,,Active IBD,MSKCC,,,,,,,,,0.02,Stable,5,COAD,,Yes,Active enteritis,,Bowel Symptoms,Poorly Diff,Colon,No,526,Primary,Matched,,,,4.101736183,40
P-0062331,P-0062331-T01-IM7,46,NO,,,Colorectal Adenocarcinoma,Colorectal Adenocarcinoma,L side,,Greater,,N/A,0.1204,IMPACT505,,Active IBD,MSKCC,1_YEAR,,,,,,,,0.07,Stable,4,COADREAD,,,,,Bowel Symptoms,Mod Diff,Colon,,383,Primary,Matched,,,,3.281388946,40
P-0063271,P-0063271-T01-IM7,60,NO,,,Small Bowel Cancer,Small Bowel Cancer,,,Greater,,,0.0532,IMPACT505,,Active IBD,Mount Sinai St. Lukes,,,,,,,,,0.44,Stable,5,SBC,,,Active enteritis,,Fistula/Abscess/Stricture,Poorly Diff,Bowel,,669,Primary,Matched,,,,4.101736183,30
P-0063437,P-0063437-T02-IM7,71,NO,,,Rectal Adenocarcinoma,Rectal Adenocarcinoma,L side,,Less,,N/A,0.5444,IMPACT505,,No Prior Symptoms,MSKCC,,,,,,,,,6.32,Indeterminate,7,READ,,,Chronic inactive enteritis,,Bowel Symptoms,Poorly Diff,Rectum,,290,Primary,Matched,,,,5.742430656,50
P-0063725,P-0063725-T02-IM7,38,NO,,,Colorectal Adenocarcinoma,Colorectal Adenocarcinoma,R side,,Greater,,Liver,0.1415,IMPACT505,,Active IBD,MSKCC,3_5_YEARS,Yes,0.591715976,,,,,,0.2,Stable,3,COADREAD,,,Unremarkable,,Bowel Symptoms,Mod Diff,Colon,Yes,740,Primary,Matched,,,,2.46104171,20
P-0064224,P-0064224-T01-IM7,60,YES,,,Rectal Adenocarcinoma,Rectal Adenocarcinoma,L side,,Greater,,Liver,0.4283,IMPACT505,,Active IBD,MSKCC,,Yes,0,,,,,,2.7,Stable,10,READ,,,Active enteritis,,Bowel Symptoms,Mod Diff,Rectum,Yes,304,Primary,Matched,,,,8.203472366,50
P-0064385,P-0064385-T01-IM7,59,NO,,,Rectal Adenocarcinoma,Rectal Adenocarcinoma,L side,,Greater,,N/A,0.5485,IMPACT505,,Active IBD,MSKCC,1_3_YEARS,,,,,,,,2.88,Stable,8,READ,,,,,Bowel Symptoms,Mod Diff,Rectum,,469,Primary,Matched,,,,5.742430656,30
P-0064396,P-0064396-T01-IM7,73,YES,,,Rectal Adenocarcinoma,Rectal Adenocarcinoma,L side,,Greater,,Liver,,IMPACT505,,Quiescent,MSKCC,,Yes,0.03287311,,,,,,2.05,Stable,9,READ,,,Unremarkable,,Bowel Symptoms,Mod-poorly Diff,Rectum,Yes,481,Primary,Matched,,,,7.383125129,20
P-0064549,P-0064549-T01-IM7,70,YES,,,Colon Adenocarcinoma,Colon Adenocarcinoma,L side,,Greater,,,0.2098,IMPACT505,,Active IBD,MSKCC,1_YEAR,,,,,,,,1.07,Stable,2,COAD,,,Chronic inactive enteritis,,Screening Colonoscopy,Mod Diff,Colon,,538,Primary,Matched,,,,1.640694473,30
P-0065130,P-0065130-T01-IM7,72,NO,,,Colon Adenocarcinoma,Colon Adenocarcinoma,L side,,Greater,,,0.0213,IMPACT505,,Active IBD,MSKCC,,,,,,,,,0.03,Stable,5,COAD,,,,,Bowel Symptoms,Mod Diff,Colon,,569,Primary,Matched,,,,4.101736183,5
P-0065645,P-0065645-T01-IM7,73,NO,,,Colon Adenocarcinoma,Colon Adenocarcinoma,,,Greater,,,0.1071,IMPACT505,,Quiescent,MSKCC,1_YEAR,,,,,,,,0.76,Stable,6,COAD,,,,,Bowel Symptoms,Mod Diff,Colon,No,504,Primary,Matched,,,,4.922083419,30
P-0067712,P-0067712-T01-IM7,43,YES,,,Colon Adenocarcinoma,Colon Adenocarcinoma,L side,,Greater,,,0.3269,IMPACT505,,Active IBD,MSKCC,>5_YEARS,,,,,,,,0.6,Stable,3,COAD,,,Active enteritis,,Bowel Symptoms,Mod Diff,Colon,,289,Primary,Matched,,,,2.46104171,20
P-0068036,P-0068036-T01-IM7,27,YES,,,Colorectal Adenocarcinoma,Colorectal Adenocarcinoma,R side,,Less,,,0.0641,IMPACT505,,No Prior Symptoms,Mount Sinai St. Lukes,>5_YEARS,,,,,,,,0.21,Stable,26,COADREAD,,,Active enteritis,,Bowel Symptoms,Mod Diff,Colon,,657,Primary,Matched,,,,21.32902815,20
P-0069276,P-0069276-T01-IM7,77,NO,,,Colorectal Cancer,Colon Adenocarcinoma,Small Intestine,,,,Lung,0.0360,IMPACT505,,Active IBD,MSKCC,,,18.40894149,,Yes,0,,Liver,0.04,Stable,7,COAD,,,Active enteritis,,Bowel Symptoms,Mod Diff,Colon,YES,307,Metastasis,Matched,,,Primary,11.48486131,60
P-0069515,P-0069515-T01-IM7,77,YES,,,Small Bowel Cancer,Small Intestinal Carcinoma,L side,,,,Lung,0.3269,IMPACT505,,Active IBD,MSKCC,,,57.23208416,,Yes,0,,,0.84,Stable,10,SIC,,,Active enteritis,,Screening Colonoscopy,Mod Diff,Bowel,NO,435,Primary,Matched,,,Primary,16.40694473,70
P-0070008,P-0070008-T01-IM7,,YES,,,Colorectal Cancer,Colon Adenocarcinoma,R side,,Greater,,Liver,0.0943,IMPACT505,,Active IBD,MSKCC,,Yes,0,,,12.19592373,,,0.2,Stable,5,COAD,,,Active enteritis,,Bowel Symptoms,Mod Diff,Colon,YES,457,Primary,Matched,,,Metastasis,8.203472366,20
P-0070455,P-0070455-T02-IM7,62,NO,,,Colorectal Cancer,Colon Adenocarcinoma,R side,,Greater,,Peritoneum,0.0000,IMPACT505,,Active IBD,MSKCC,,,,,,,,,0.05,Stable,9,COAD,,Yes,,,Bowel Symptoms,,,NO,610,Primary,Matched,,,Primary,7.383125129,10
P-0071707,P-0071707-T01-IM7,48,NO,,,Colorectal Cancer,Colon Adenocarcinoma,R side,,Greater,,"Liver, lungs, LNs",0.0561,IMPACT505,,Active IBD,Other Institute,,,1.808021039,Yes,,1.808021039,,,7.57,Indeterminate,4,COAD,,,,,Metastatic Disease,Poorly Diff,Colon,NO,97,Local Recurrence,Matched,,,Primary,6.562777893,20
P-0072758,P-0072758-T01-IM7,67,YES,,,Colorectal Cancer,Colon Adenocarcinoma,L side,,Greater,,,0.3088,IMPACT505,,Active IBD,MSKCC,,,,,,,,,1.04,Stable,3,COAD,,,Active enteritis,,Screening Colonoscopy,Poorly Diff,Colon,,416,Primary,Matched,,,Primary,4.922083419,40
P-0073981,P-0073981-T01-IM7,71,YES,,,Colorectal Cancer,Rectal Adenocarcinoma,R side,,Less,,"Liver, LNs",0.0478,IMPACT505,,Active IBD,MSKCC,,Yes,0,Yes,,,,,,,6,READ,,,active enteritis,,Fistula/Abscess/Stricture,Mod-poorly Diff,Colon,NO,478,Primary,Matched,,,Primary,9.844166839,40
P-0075212,P-0075212-T01-IM7,72,NO,,,Colorectal Cancer,Rectal Adenocarcinoma,L side,,Greater,,,0.0712,IMPACT505,,Active IBD,MSKCC,3_5_YEARS,,,,,,,,0.51,Stable,4,READ,,,Active enteritis,,Screening Colonoscopy,Mod Diff,Bowel,,436,Primary,Matched,,,Primary,6.562777893,40
P-0077591,P-0077591-T01-IM7,43,NO,,,Colorectal Cancer,Colon Adenocarcinoma,L side,,Greater,,Peritoneum,0.0001,IMPACT505,,Quiescent many years,MSKCC,,,,,,,,,0.17,Stable,4,COAD,,Yes,Active enteritis,,Bowel Symptoms,Poorly Diff,Colon,YES,552,Primary,Matched,,,Primary,6.562777893,30
P-0077644,P-0077644-T01-IM7,85,NO,,,Colorectal Cancer,Colon Adenocarcinoma,L side,,Greater,,,0.1559,IMPACT505,,Active IBD,MSKCC,,,,,,,,,0.18,Stable,8,COAD,,,Active enteritis,,Screening Colonoscopy,Mod Diff,Descending Colon,,414,Primary,Matched,,,Primary,13.12555579,30
P-CLIN001,P-CLIN001,,,,,Colorectal Adenocarcinoma,Colorectal Adenocarcinoma,,,Greater,,Pelvis,,,,Active IBD,,1_3_YEARS,,,,,,,,,,,COADREAD,,,Chronic inactive enteritis,Yes,Bowel Symptoms,,,,,,,,,,,
P-CLIN002,P-CLIN002,,,,,Colorectal Cancer,Colon Adenocarcinoma,,,Greater,,"Liver, Peritoneum",,,,Active IBD,,,Yes,0,,,35.8974359,,,,,,COAD,,Yes,Active enteritis,,Screening Colonoscopy,,,,,,,,,,,
P-CLIN003,P-CLIN003,,,,,Colorectal Cancer,Colon Adenocarcinoma,,,Greater,,,,,,,,>5_YEARS,,,,,,,,,,,COAD,,,Active enteritis,,Fistula/Abscess/Stricture,,,,,,,,,,,
P-CLIN004,P-CLIN004,,,,,Colorectal Cancer,Colon Adenocarcinoma,,,Greater,,"Liver, Peritoneum, LNs",,,,Active IBD,,>5_YEARS,Yes,0.131492439,Yes,,,,,,,,COAD,,Yes,Active enteritis,,Bowel Symptoms,,,,,,,,,,,
P-CLIN005,P-CLIN005,,,,,Colorectal Adenocarcinoma,Colorectal Adenocarcinoma,,,Greater,,,,,,Active IBD,,1_YEAR,,,,,,,,,,,COADREAD,,,,,Bowel Symptoms,,,,,,,,,,,
P-CLIN006,P-CLIN006,,,,,Colorectal Cancer,Colon Adenocarcinoma,,,Less,,,,,,Active IBD,,>5_YEARS,,,,,,,,,,,COAD,,,Active enteritis,,Bowel Symptoms,,,,,,,,,,,
P-CLIN007,P-CLIN007,,,,,Colorectal Cancer,Colon Adenocarcinoma,,,Greater,,,,,,Quiescent,,,,,,,,,,,,,COAD,,,Active enteritis,,Bowel Symptoms,,,,,,,,,,,
P-CLIN008,P-CLIN008,,,,,Colorectal Cancer,Colon Adenocarcinoma,,,Greater,,,,,,Active IBD,,>5_YEARS,,,,,,,,,,,COAD,,,Active enteritis,,Screening Colonoscopy,,,,,,,,,,,
P-CLIN009,P-CLIN009,,,,,Colorectal Cancer,Colon Adenocarcinoma,,,Greater,,,,,,Active IBD,,3_5_YEARS,,,,,,,,,,,COAD,,,Active enteritis,,Bowel Symptoms,,,,,,,,,,,
P-CLIN010,P-CLIN010,,,,,Colorectal Adenocarcinoma,Colorectal Adenocarcinoma,,,Greater,,,,,,Active IBD,,,,,,,,,,,,,COADREAD,,,Active enteritis,,Bowel Symptoms,,,,,,,,,,,
P-CLIN011,P-CLIN011,,,,,Colorectal Adenocarcinoma,Colorectal Adenocarcinoma,,,Greater,,,,,,Active IBD,,1_YEAR,,,,,,,,,,,COADREAD,,,Active enteritis,,Bowel Symptoms,,,,,,,,,,,
P-CLIN012,P-CLIN012,,,,,Colorectal Adenocarcinoma,Colorectal Adenocarcinoma,,,Greater,,,,,,Active IBD,,,,,,,,,,,,,COADREAD,,,Active enteritis,,Bowel Symptoms,,,,,,,,,,,
P-CLIN013,P-CLIN013,,,,,Colorectal Cancer,Colon Adenocarcinoma,,,Less,,,,,,Active IBD,,>5_YEARS,,,,,,,,,,,COAD,,,Active enteritis,,Screening Colonoscopy,,,,,,,,,,,
P-CLIN014,P-CLIN014,,,,,Colorectal Cancer,Colon Adenocarcinoma,,,Greater,,,,,,Active IBD,,1_3_YEARS,,,,,,,,,,,COAD,,,,,Bowel Symptoms,,,,,,,,,,,
TRF011722,TRF011722,,,,4.043392505,Small Bowel Cancer,Small Bowel Cancer,R side,Mod,Greater,0.34%,"Liver, LNs",,FoundationOne,,Quiescent,Foundation,1_YEAR,Yes,0,Yes,,2.333990796,938,,,,12,SBC,,,Active enteritis,,Bowel Symptoms,Mod Diff,Ileum,No,,Primary,Unmatched,Mucinous Features,,Small Bowel,13.86789444,
TRF049661,TRF049661,,,,5.851413544,Rectal Adenocarcinoma,Rectal Adenocarcinoma,L side,Mod-Poor,Greater,0.23%,"Liver, LNs",,FoundationOne,,Active IBD,Foundation,,Yes,0,Yes,,,680,Liver,,,9,READ,,,,,Bowel Symptoms,Mod-poorly Diff,Rectum,No,,Metastasis,Unmatched,Mucinous Features,,Liver,10.40092083,
TRF060123,TRF060123,,,,24.45759369,Colorectal Cancer,Colon Adenocarcinoma,L side,Mod-Poor,Greater,0.38%,Pelvis,,FoundationOne,,Active IBD,Foundation,1_3_YEARS,,,,,24.45759369,467,,,,13,COAD,,,Active enteritis,Yes,Bowel Symptoms,Mod-poorly Diff,Rectosigmoid,Yes,,Primary,Unmatched,Diffuse (Linitus-Plasticus),,Colon,15.02355231,
TRF060124,TRF060124,,,,,Colorectal Cancer,Colon Adenocarcinoma,L side,Poor,Greater,0.30%,Peritoneum,,FoundationOne,,Active IBD,Foundation,,,,,,18.67192636,458,,,,13,COAD,,Yes,Active enteritis,,Screening Colonoscopy,Poorly Diff,Rectosigmoid,No,,Primary,Unmatched,"Signet Ring, Mucinous Features",,Colon,15.02355231,
TRF060125,TRF060125,,,,,Colorectal Cancer,Colon Adenocarcinoma,R side,Mod,Greater,0.33%,,,FoundationOne,,Active IBD,Foundation,1_YEAR,,,,,,414,,,,9,COAD,,,Active enteritis,,Bowel Symptoms,Mod Diff,"Cecum, Asc Colon, T Colon",,,Primary,Unmatched,One Focus Nec,,Colon,10.40092083,
TRF060126,TRF060126,,,,,Colorectal Cancer,Colon Adenocarcinoma,L side,Mod-Poor,Greater,0.32%,,,FoundationOne,,Active IBD,Foundation,>5_YEARS,,,,,,389,,,,18,COAD,,,Chronic inactive enteritis,,Bowel Symptoms,Mod Diff,Rectosigmoid,,,Primary,Unmatched,Focal Signet Ring,,Colon,20.80184166,
TRF060127,TRF060127,,,,,Colorectal Cancer,Colon Adenocarcinoma,L side,Mod,Greater,0.31%,,,FoundationOne,,Active IBD,Foundation,,,,,,,499,,,,22,COAD,,,Chronic inactive enteritis,,Screening Colonoscopy,Mod Diff,Descending Colon,,,Primary,Unmatched,Mucinous,,Colon,25.42447314,
TRF060128,TRF060128,,,,,Rectal Adenocarcinoma,Rectal Adenocarcinoma,L side,Poor,Greater,0.28%,,,FoundationOne,,Quiescent,Foundation,1_3_YEARS,,,,,,426,,,,8,READ,,,Active enteritis,,Screening Colonoscopy,Poorly Diff,Rectum,,,Primary,Unmatched,Mucinous,,Rectum,9.245262958,
TRF060129,TRF060129,,,,,Colorectal Cancer,Colon Adenocarcinoma,L side,Mod,Greater,0.30%,,,FoundationOne,,Quiescent,Foundation,>5_YEARS,,,,,,500,,,,13,COAD,,,Active enteritis,,Bowel Symptoms,Mod Diff,Rectosigmoid,,,Primary,Unmatched,No,,Colon,15.02355231,
TRF060130,TRF060130,,,,,Colorectal Cancer,Colon Adenocarcinoma,R side,Mod,Less,0.25%,,,FoundationOne,,Active IBD,Foundation,>5_YEARS,,,,,,518,,,,22,COAD,,,Active enteritis,,Bowel Symptoms,Mod Diff,Cecum,,,Primary,Unmatched,Mucinous,,Colon,25.42447314,
TRF060131,TRF060131,,,,,Colorectal Cancer,Colon Adenocarcinoma,R side,Poor,Less,0.28%,LNs,,FoundationOne,,Active IBD,Foundation,1_YEAR,,,Yes,,,430,,,,14,COAD,,,Chronic inactive enteritis,,Bowel Symptoms,Poorly Diff,Cecum,No,,Primary,Unmatched,No,,Colon,15.02355231,
TRF060132,TRF060132,,,,,Colorectal Cancer,Colon Adenocarcinoma,R side,Poor,Less,0.27%,,,FoundationOne,,Active IBD,Foundation,,,,,,,549,,,,18,COAD,,,Active enteritis,,Bowel Symptoms,Poorly Diff,Hepatic Flexure,,,Primary,Unmatched,Mucinous,,Colon,20.80184166,
TRF060133,TRF060133,,,,,Colon Adenocarcinoma,Colon Adenocarcinoma,R side,Mod,Greater,0.25%,,,FoundationOne,,Active IBD,Foundation,,,,,,,446,,,,19,COAD,,,Active enteritis,,Bowel Symptoms,Mod Diff,Hepatic Flexure,,,Primary,Unmatched,No,,Colon,21.95749953,
TRF060134,TRF060134,,,,,Small Bowel Cancer,Small Bowel Cancer,R side,Poor,Less,0.23%,Peritoneum,,FoundationOne,,No Prior Symptoms,Foundation,3_5_YEARS,,,,,13.773833,531,,,,19,SBC,,Yes,Chronic inactive enteritis,,Bowel Symptoms,Poorly Diff,Ileum,No,,Primary,Unmatched,Signet Ring,,Small Bowel,21.95749953,
TRF094955,TRF094955,,,,,Colorectal Cancer,Colon Adenocarcinoma,L side,Mod-Poor,Greater,0.28%,,,FoundationOne,,Active IBD,Foundation,,,,,,,394,,,,10,COAD,,,Chronic inactive enteritis,,Screening Colonoscopy,Mod-poorly Diff,Rectosigmoid,,,Primary,Unmatched,No,,Colon,11.5565787,
TRF094956,TRF094956,,,,,Colorectal Cancer,Colon Adenocarcinoma,L side,Mod,Greater,0.29%,,,FoundationOne,,Active IBD,Foundation,,,,,,,234,,,,17,COAD,,,Active enteritis,,Bowel Symptoms,Mod Diff,Sigmoid,,,Primary,Unmatched,No,,Colon,19.64618379,
TRF094957,TRF094957,,,,,Colorectal Cancer,Colon Adenocarcinoma,R side,Mod,Greater,0.25%,Liver,,FoundationOne,,No Prior Symptoms,Foundation,,Yes,5.456936226,,,12.91913215,491,,,,6,COAD,,,Active enteritis,,Bowel Symptoms,Mod-poorly Diff,Asc Colon + Cecum,Yes,,Primary,Unmatched,Mucinous Features,,Colon,6.933947219,
TRF094959,TRF094959,,,,,Colorectal Cancer,Colon Adenocarcinoma,L side,Mod,Greater,0.27%,,,FoundationOne,,Active IBD,Foundation,1_3_YEARS,,,,,,459,,,,15,COAD,,,Active enteritis,,Bowel Symptoms,Mod Diff,Distal Transverse Colon + Rectum,,,Primary,Unmatched,No,,Colon,17.33486805,
TRF094961,TRF094961,,,,,Colon Adenocarcinoma,Colon Adenocarcinoma,R side,Mod,Greater,0.36%,Liver,,FoundationOne,,,Foundation,,Yes,0,,,37.31097962,429,,,,18,COAD,,,,,Bowel Symptoms,Mod Diff,Cecum,No,,Primary,Unmatched,No,,Colon,20.80184166,
TRF094962,TRF094962,,,,,Colon Adenocarcinoma,Colon Adenocarcinoma,L side,Mod,Greater,0.26%,,,FoundationOne,,Quiescent,Foundation,>5_YEARS,,,,,,475,,,,15,COAD,,,Active enteritis,,Bowel Symptoms,Mod Diff,Descending Colon,,,Primary,Unmatched,No,,Colon,17.33486805,
TRF117576,TRF117576,,,,,Rectal Adenocarcinoma,Rectal Adenocarcinoma,L side,,Greater,0.29%,,,FoundationOne,,,Foundation,,,,,,,774,,,,17,READ,,,,,,,Rectum,,,Primary,Unmatched,Signet Ring,,Rectum,19.64618379,
TRF117577,TRF117577,,,,,Colon Adenocarcinoma,Colon Adenocarcinoma,L side,Poor,Less,0.29%,,,FoundationOne,,,Foundation,,,,,,,661,,,,15,COAD,,,,,,,Sigmoid,,,Primary,Unmatched,,,Colon,17.33486805,
TRF117580,TRF117580,,,,,Rectal Adenocarcinoma,Rectal Adenocarcinoma,L side,Mod,Greater,0.29%,,,FoundationOne,,,Foundation,,,,,,,737,,,,13,READ,,,,,,,Rectum,,,Primary,Unmatched,,,Rectum,15.02355231,
TRF117586,TRF117586,,,,,Rectal Adenocarcinoma,Rectal Adenocarcinoma,L side,,Greater,0.30%,,,FoundationOne,,,Foundation,,,,,,,612,,,,12,READ,,,,,,,Rectum,,,Primary,Unmatched,,,Rectum,12.71223657,
TRF117587,TRF117587,,,,,Rectal Adenocarcinoma,Rectal Adenocarcinoma,L side,Mod,Greater,0.28%,,,FoundationOne,,,Foundation,,,,,,,762,,,,18,READ,,,,,,,Rectum,,,Primary,Unmatched,,,Rectum,20.80184166,
TRF117588,TRF117588,,,,,Rectal Adenocarcinoma,Rectal Adenocarcinoma,L side,Poor,Greater,0.28%,,,FoundationOne,,,Foundation,,,,,,,791,,,,12,READ,,,,,,,Rectum,,,Primary,Unmatched,Mucinous,,Rectum,12.71223657,
TRF117589,TRF117589,,,,,Rectal Adenocarcinoma,Rectal Adenocarcinoma,L side,Mod,Greater,0.30%,,,FoundationOne,,,Foundation,,,,,,,505,,,,82,READ,,,,,,,Rectum,,,Primary,Unmatched,,,Rectum,94.76394532,
TRF117592,TRF117592,,,,,Colorectal Cancer,Colon Adenocarcinoma,R side,Poor,Greater,0.29%,,,FoundationOne,,,Foundation,,,,,,,674,,,,10,COAD,,,,,,,Ascending Colon,,,Primary,Unmatched,,,Colon,11.5565787,
TRF117593,TRF117593,,,,,Colorectal Cancer,Colon Adenocarcinoma,R side,Poor,Less,0.29%,,,FoundationOne,,,Foundation,,,,,,,724,,,,18,COAD,,,,,,,Ascending Colon,,,Primary,Unmatched,Signet Ring,,Colon,20.80184166,
TRF126381,TRF126381,,,,,Colon Adenocarcinoma,Colon Adenocarcinoma,R side,,Greater,0.34%,,,FoundationOne,,,Foundation,,,,,,,928,,,,24,COAD,,,,,,,Transverse Colon,,,Primary,Unmatched,,,Colon,27.73578888,
TRF126382,TRF126382,,,,,Rectal Adenocarcinoma,Rectal Adenocarcinoma,L side,,Greater,0.32%,,,FoundationOne,,,Foundation,,,,,,,801,,,,11,READ,,,,,,,Rectum,,,Primary,Unmatched,,,Rectum,12.71223657,
TRF126385,TRF126385,,,,,Colorectal Cancer,Colon Adenocarcinoma,L side,,Less,0.36%,,,FoundationOne,,,Foundation,,,,,,,758,,,,20,COAD,,,,,,,Rectosigmoid,,,Primary,Unmatched,,,Colon,23.1131574,
TRF126386,TRF126386,,,,,Colorectal Cancer,Colon Adenocarcinoma,R side,Mod,Greater,0.31%,,,FoundationOne,,,Foundation,,,,,,,912,,,,15,COAD,,,,,,,Transverse Colon,,,Primary,Unmatched,,,Colon,17.33486805,
p_DK_cac_001,s_DK_cac_001_P,,,,,Small Bowel Cancer,Small Bowel Cancer,Small Intestine,,Greater,,,0.0006,IMPACT468,,,CMO,,,,,,,,,,,4,SBC,,,,,,,Distal Ileum,,,Primary,,,FFPE,Small Bowel,3.91487879,
p_DK_cac_002,s_DK_cac_002_P,,,,,Small Bowel Cancer,Small Bowel Cancer,Small Intestine,,Greater,,,0.1699,IMPACT468,,,CMO,,,,,,,,,,,3,SBC,,,,,,,Jejunum,,,Primary,,,FFPE,Small Bowel,2.936159093,
p_DK_cac_003,s_DK_cac_003_P,,,,,Rectal Adenocarcinoma,Rectal Adenocarcinoma,L side,,Greater,,,0.0387,IMPACT468,,,CMO,,,,,,,,,,,11,READ,,,,,,,Rectum,,,Primary,,,FFPE,Rectum,10.76591667,
p_DK_cac_005,s_DK_cac_005_P,,,,,Colorectal Cancer,Colon Adenocarcinoma,L side,,Greater,,,0.2740,IMPACT468,,,CMO,,,,,,,,,,,6,COAD,,,,,,,Rectosigmoid,,,Primary,,,FFPE,Colon,5.872318186,
p_DK_cac_009,s_DK_cac_009_P,,,,,Colorectal Cancer,Colon Adenocarcinoma,L side,,Greater,,,0.3619,IMPACT468,,,CMO,,,,,,,,,,,5,COAD,,,,,,,Transverse Colon; Rectum,,,Primary,,,FFPE,Colon,4.893598488,
p_DK_cac_010,s_DK_cac_010_P,,,,,Colon Adenocarcinoma,Colon Adenocarcinoma,R side,,Greater,,,0.0325,IMPACT468,,,CMO,,,,,,,,,,,4,COAD,,,,,,,Cecum,,,Primary,,,FFPE,Colon,3.91487879,
p_DK_cac_011,s_DK_cac_011_P,,,,,Colon Adenocarcinoma,Colon Adenocarcinoma,L side,,Greater,,,0.1294,IMPACT468,,,CMO,,,,,,,,,,,5,COAD,,,,,,,Splenic Flexure,,,Primary,,,FFPE,Colon,4.893598488,
p_DK_cac_012,s_DK_cac_012_P1,,,,,Rectal Adenocarcinoma,Rectal Adenocarcinoma,L side,,Greater,,,0.3021,IMPACT468,,,CMO,,,,,,,,,,,12,READ,,,,,,,Rectum,,,Primary,,,Frozen,Rectum,19.02335809,
p_DK_cac_013,s_DK_cac_013_P,,,,,Colon Adenocarcinoma,Colon Adenocarcinoma,R side,,Greater,,,0.3152,IMPACT468,,,CMO,,,,,,,,,,,13,COAD,,,,,,,Ascending Colon,,,Primary,,,Frozen,Colon,20.75275428,
p_DK_cac_014,s_DK_cac_014_P,,,,,Colon Adenocarcinoma,Colon Adenocarcinoma,R side,,Greater,,,0.2311,IMPACT468,,,CMO,,,,,,,,,,,6,COAD,,,,,,,Ascending Colon,,,Primary,,,Frozen,Colon,12.10577333,
p_DK_cac_015,s_DK_cac_015_P,,,,,Colon Adenocarcinoma,Colon Adenocarcinoma,R side,,Less,,,0.6595,IMPACT468,,,CMO,,,,,,,,,,,5,COAD,,,,,,,Ascending Colon,,,Primary,,,Frozen,Colon,8.64698095,
p_DK_cac_016,s_DK_cac_016_P,,,,,Colon Adenocarcinoma,Colon Adenocarcinoma,R side,,Greater,,,0.2303,IMPACT468,,,CMO,,,,,,,,,,,23,COAD,,,,,,,Ascending Colon,,,Primary,,,Frozen,Colon,28.53503713,
p_DK_cac_017,s_DK_cac_017_P,,,,,Colon Adenocarcinoma,Colon Adenocarcinoma,R side,,Less,,,0.4689,IMPACT468,,,CMO,,,,,,,,,,,19,COAD,,,,,,,Ascending Colon,,,Primary,,,Frozen,Colon,18.15865999,
p_DK_cac_018,s_DK_cac_018_P,,,,,Colon Adenocarcinoma,Colon Adenocarcinoma,L side,,Less,,,0.1154,IMPACT468,,,CMO,,,,,,,,,,,12,COAD,,,,,,,Sigmoid,,,Primary,,,Frozen,Colon,15.56456571,
p_DK_cac_019,s_DK_cac_019_P,,,,,Rectal Adenocarcinoma,Rectal Adenocarcinoma,L side,,Greater,,,0.4434,IMPACT468,,,CMO,,,,,,,,,,,14,READ,,,,,,,Rectum,,,Primary,,,Frozen,Rectum,21.61745237,
p_DK_cac_020,s_DK_cac_020_P,,,,,Rectal Adenocarcinoma,Rectal Adenocarcinoma,L side,,Greater,,,0.0372,IMPACT468,,,CMO,,,,,,,,,,,11,READ,,,,,,,Rectum,,,Primary,,,Frozen,Rectum,13.83516952,
p_DK_cac_021,s_DK_cac_021_P,,,,,Rectal Adenocarcinoma,Rectal Adenocarcinoma,L side,,Greater,,,0.1640,IMPACT468,,,CMO,,,,,,,,,,,10,READ,,,,,,,Rectum,,,Primary,,,Frozen,Rectum,16.4292638,
