patientId,sampleId,CANCER_TYPE,CANCER_TYPE_DETAILED,CVR_TMB_SCORE,DRIVER1_AI,DRIVER1_CCF,DRIVER1_CELLULAR_FRACTION,DRIVER1_CLONAL_CALL,DRIVER1_EXPECTED_MUTANT_COPIES,DRIVER1_FACETS_PLOIDY_CALL,DRIVER1_LCN,DRIVER1_MUTATION,DRIVER1_TCN,DRIVER2_AI,DRIVER2_CCF,DRIVER2_CELLULAR_FRACTION,DRIVER2_CLONAL_CALL,DRIVER2_EXPECTED_MUTANT_COPIES,DRIVER2_FACETS_PLOIDY_CALL,DRIVER2_LCN,DRIVER2_MUTATION,DRIVER2_TCN,FRACTION_GENOME_ALTERED,GENOMIC_QC,GROUP,HIGHEST_LEVEL_ONCOKB,METASTATIC_SITE,MSI_SCORE,MSI_TYPE,MUTATION_COUNT,ONCOTREE_CODE,PRIMARY_SITE,SAMPLE_COVERAGE,SAMPLE_TYPE,TUMOR_LOCATION,TUMOR_PURITY,WGD
C_XPMDEU,s_C_XPMDEU_P001_d,Colorectal Cancer,Colon Adenocarcinoma,3E-12,No,0.921,1.00,Clonal,0.92,DOUBLE LOSS AFTER,1,NRAS p.G12V,2,Yes,0.77,0.26,Indeterminate,,LOSS AFTER,1,KRAS p.G12D,3,0.3144,PASS,Clonal-Indeterminate,,Liver,,Stable,11,COAD,Descending,,Metastasis,Distal,,TRUE
P-0001237,P-0001237-T01-IM3,Colorectal Cancer,Mucinous Adenocarcinoma of the Colon and Rectum,75,No,1,1.00,Clonal,1.20,DIPLOID,1,BRAF p.V600E,2,No,0.572,1.00,Subclonal,,DIPLOID,1,KRAS p.G13D,2,0.0939,PASS,Subclonal-Clonal,LEVEL_1,,29,Instable,67,MACR,Transverse Colon,210,Primary,Proximal,40,FALSE
P-0002475,P-0002475-T01-IM3,Colorectal Cancer,Colon Adenocarcinoma,10,No,1.00,1.00,Clonal,1.04,DIPLOID,1,KRAS p.G13D,2,No,0.872,1.00,Clonal,,DIPLOID,1,KRAS p.G12D,2,0.3130,PASS,Clonal-Clonal,LEVEL_3B,,0.7,Stable,9,COAD,Rectosigmoid Colon,846,Primary,Distal,,FALSE
P-0004783,P-0004783-T01-IM5,Colorectal Cancer,Rectal Adenocarcinoma,47.2,No,1.00,1.00,Clonal,1.31,DIPLOID,1,KRAS p.A59T,2,No,1,1.00,Clonal,1.48890174,DIPLOID,1,KRAS p.G12D,2,0.0037,PASS,Clonal-Clonal,LEVEL_4,,23.53,Instable,48,READ,Rectum,587,Primary,Distal,40,FALSE
P-0005230,P-0005230-T01-IM5,Colorectal Cancer,Colon Adenocarcinoma,63.9,,,,,,,,KRAS p.G12D,,,,,,,,,KRAS p.G13D,,0.0753,FAIL,,LEVEL_3B,,14.14,Instable,65,COAD,Ascending Colon,562,Primary,Proximal,30,
P-0007592,P-0007592-T01-IM5,Colorectal Cancer,Colon Adenocarcinoma,8.9,No,0.99,1.00,Clonal,0.99,DIPLOID,1,NRAS p.Q61K,2,No,0.92,1.00,Clonal,0.919762365,DIPLOID,1,KRAS p.G12A,2,0.1820,PASS,Clonal-Clonal,LEVEL_3B,,0.17,Stable,9,COAD,Ascending Colon,856,Primary,Proximal,,FALSE
P-0008729,P-0008729-T01-IM5,Colorectal Cancer,Colon Adenocarcinoma,49.2,No,0.77,1.00,Subclonal,,DIPLOID,1,BRAF p.V600E,2,Yes,0.636,0.36,Indeterminate,,HETLOSS,0,KRAS p.G12D,1,0.0486,PASS,Indeterminate-Subclonal,LEVEL_1,,33.56,Instable,51,COAD,Ascending Colon,976,Primary,Proximal,60,FALSE
P-0010007,P-0010007-T01-IM5,Colorectal Cancer,Colon Adenocarcinoma,7.9,Yes,1.00,0.04,Indeterminate,1.03,GAIN,1,KRAS p.G12A,3,Yes,0.336,0.04,Indeterminate,,GAIN,1,KRAS p.G12V,3,0.0513,PASS,Indeterminate-Indeterminate,LEVEL_3B,,0.08,Stable,8,COAD,Ascending Colon,1020,Primary,Proximal,30,FALSE
P-0015416,P-0015416-T01-IM6,Colorectal Cancer,Colon Adenocarcinoma,105.3,No,1.00,1.00,Clonal,1.29,DIPLOID,1,KRAS p.A59T,2,No,0.92,1.00,Clonal,0.920098675,DIPLOID,1,KRAS p.G12D,2,0.0330,PASS,Clonal-Clonal,LEVEL_3B,,37.6,Instable,120,COAD,Colon,935,Primary,Distal,60,FALSE
P-0016091,P-0016091-T01-IM6,Colorectal Cancer,Colorectal Adenocarcinoma,8.8,No,0.95,1.00,Clonal,0.95,DIPLOID,1,KRAS p.A146T,2,Yes,0.723,0.62,Subclonal,,HETLOSS,0,NRAS p.G12A,1,0.4698,PASS,Subclonal-Clonal,LEVEL_3B,Liver,0.64,Stable,10,COADREAD,Colon,565,Metastasis,Proximal,60,FALSE
P-0019880,P-0019880-T01-IM6,Colorectal Cancer,Colon Adenocarcinoma,7,,,,,,,,KRAS p.G12S,,,,,,,,,KRAS p.G13D,,0.0134,FAIL,,LEVEL_4,Lung,0.14,Stable,8,COAD,Colon,546,Metastasis,Distal,10,
P-0021518,P-0021518-T01-IM6,Colorectal Cancer,Colon Adenocarcinoma,13.2,No,1.00,1.00,Clonal,1.03,DIPLOID,1,NRAS p.G13D,2,No,0.956,1.00,Clonal,0.955948452,DIPLOID,1,KRAS p.G12C,2,0.2875,PASS,Clonal-Clonal,LEVEL_3B,Liver,0.77,Stable,15,COAD,Colon,778,Metastasis,Proximal,30,FALSE
P-0025161,P-0025161-T01-IM6,Colorectal Cancer,Colorectal Adenocarcinoma,9.7,No,0.98,1.00,Clonal,0.98,DIPLOID,1,KRAS p.G12D,2,No,0.148,1.00,Subclonal,,DIPLOID,1,KRAS p.G12V,2,0.1644,PASS,Clonal-Subclonal,LEVEL_3B,,0.39,Stable,11,COADREAD,Colon,706,Primary,Distal,20,FALSE
P-0025362,P-0025362-T01-IM6,Colorectal Cancer,Rectal Adenocarcinoma,8.8,No,0.94,0.40,Clonal,1.89,TETRAPLOID,2,KRAS p.A146T,4,Yes,0.415,0.47,Subclonal,,CNLOH BEFORE & LOSS,0,NRAS p.Q61K,3,0.4997,PASS,Subclonal-Clonal,LEVEL_3B,,0.81,Stable,10,READ,Rectum,857,Primary,Distal,30,TRUE
P-0027427,P-0027427-T01-IM6,Colorectal Cancer,Colon Adenocarcinoma,7.9,Yes,1.00,0.14,Indeterminate,1.49,GAIN,1,KRAS p.G12D,3,Yes,0.87,0.14,Indeterminate,0.869974706,GAIN,1,KRAS p.G12V,3,0.0003,PASS,Indeterminate-Indeterminate,LEVEL_3B,,0.47,Stable,9,COAD,Colon,1030,Primary,Distal,50,FALSE
P-0028274,P-0028274-T01-IM6,Colorectal Cancer,Colon Adenocarcinoma,50.9,No,0.78,1.00,Clonal,,DIPLOID,1,KRAS p.V14I,2,No,0.782,1.00,Clonal,,DIPLOID,1,KRAS p.G13D,2,0.0293,PASS,Clonal-Clonal,LEVEL_4,,12.22,Instable,58,COAD,Colon,627,Primary,Proximal,40,FALSE
P-0033060,P-0033060-T01-IM6,Colorectal Cancer,Colon Adenocarcinoma,7,,0.54,0.13,Indeterminate,,HOMDEL,0,KRAS p.G12C,0,,0.086,0.13,Indeterminate,,HOMDEL,0,KRAS p.G12V,0,0.1896,PASS,Indeterminate-Indeterminate,LEVEL_2,,0.27,Stable,8,COAD,Ascending Colon,700,Primary,Proximal,40,FALSE
P-0033100,P-0033100-T01-IM6,Colorectal Cancer,Colon Adenocarcinoma,68.5,No,0.67,1.00,Subclonal,,DIPLOID,1,KRAS p.G13D,2,No,0.244,1.00,Subclonal,,DIPLOID,1,KRAS p.G12C,2,0.0044,PASS,Subclonal-Subclonal,LEVEL_3B,,40.97,Instable,78,COAD,Colon,548,Primary,Proximal,50,FALSE
P-0033196,P-0033196-T01-IM6,Colorectal Cancer,Colon Adenocarcinoma,14,Yes,1.00,0.44,Clonal,2.02,GAIN,1,KRAS p.G13D,3,Yes,0.206,0.44,Subclonal,,GAIN,1,KRAS p.G12D,3,0.1198,PASS,Clonal-Subclonal,LEVEL_3B,,0.13,Stable,16,COAD,Ascending Colon,534,Primary,Proximal,40,FALSE
P-0034332,P-0034332-T01-IM6,Colorectal Cancer,Colon Adenocarcinoma,3.5,No,0.95,1.00,Clonal,0.95,DIPLOID,1,KRAS p.V14I,2,No,0.945,1.00,Clonal,0.945332431,DIPLOID,1,KRAS p.G12V,2,0.2408,PASS,Clonal-Clonal,LEVEL_4,,0.74,Stable,4,COAD,Sigmoid Colon,788,Primary,Distal,30,FALSE
P-0034499,P-0034499-T01-IM6,Colorectal Cancer,Colon Adenocarcinoma,6.1,No,0.79,1.00,Subclonal,,DIPLOID,1,KRAS p.G12C,2,No,0.315,1.00,Subclonal,,DIPLOID,1,NRAS p.G12A,2,0.3292,PASS,Subclonal-Subclonal,LEVEL_3B,,0.11,Stable,7,COAD,Sigmoid Colon,569,Primary,Distal,60,FALSE
P-0034973,P-0034973-T01-IM6,Colorectal Cancer,Colorectal Adenocarcinoma,11.4,Yes,0.98,0.40,Clonal,1.96,GAIN,1,KRAS p.G12D,3,Yes,0.145,0.40,Subclonal,,GAIN,1,KRAS p.G12V,3,0.1877,PASS,Clonal-Subclonal,LEVEL_3B,,0.22,Stable,13,COADREAD,Ascending Colon,471,Primary,Proximal,50,FALSE
P-0035916,P-0035916-T01-IM6,Colorectal Cancer,Colorectal Adenocarcinoma,65,,,,,,,,NRAS p.G12S,,,,,,,,,BRAF p.V600E,,0.0000,FAIL,,LEVEL_1,,47.8,Instable,74,COADREAD,Colon,529,Primary,Proximal,20,
P-0036503,P-0036503-T01-IM6,Colorectal Cancer,Colon Adenocarcinoma,123.8,,,,,,,,KRAS p.K117N,,,,,,,,,KRAS p.V14I,,0.0000,FAIL,,LEVEL_3B,,0.07,Stable,140,COAD,Sigmoid Colon,409,Primary,Distal,20,
P-0036892,P-0036892-T01-IM6,Colorectal Cancer,Colon Adenocarcinoma,9.7,No,0.31,1.00,Subclonal,,DIPLOID,1,KRAS p.G12V,2,No,0.17,1.00,Subclonal,,DIPLOID,1,KRAS p.G12R,2,0.0722,PASS,Subclonal-Subclonal,LEVEL_3B,,0.05,Stable,11,COAD,Ascending Colon,359,Primary,Proximal,40,FALSE
P-0037410,P-0037410-T01-IM6,Colorectal Cancer,Colon Adenocarcinoma,102.7,,0.57,,Indeterminate,,DIPLOID or CNLOH,,KRAS p.G13D,2,,0.45,,Indeterminate,,DIPLOID or CNLOH,,KRAS p.G12D,2,0.0336,PASS,Indeterminate-Indeterminate,LEVEL_3B,,43.77,Instable,117,COAD,Ascending Colon,498,Primary,Proximal,20,FALSE
P-0037482,P-0037482-T01-IM6,Colorectal Cancer,Colon Adenocarcinoma,3.5,Yes,0.84,0.35,Clonal,,CNLOH AFTER,1,KRAS p.G13D,4,Yes,0.18,0.35,Subclonal,,CNLOH AFTER,1,KRAS p.G12D,4,0.4850,PASS,Clonal-Subclonal,LEVEL_4,,0.07,Stable,4,COAD,Sigmoid Colon,514,Primary,Distal,50,TRUE
P-0037971,P-0037971-T01-IM6,Colorectal Cancer,Colon Adenocarcinoma,7,No,1.00,1.00,Clonal,1.22,DIPLOID,1,NRAS p.G12D,2,No,0.12,1.00,Subclonal,,DIPLOID,1,KRAS p.G12D,2,0.1928,PASS,Clonal-Subclonal,LEVEL_3B,,0.24,Stable,8,COAD,Colon,799,Primary,Proximal,40,FALSE
P-0038290,P-0038290-T01-IM6,Colorectal Cancer,Colon Adenocarcinoma,5.3,No,0.35,1.00,Subclonal,,DIPLOID,1,KRAS p.G12V,2,No,0.25,1.00,Subclonal,,DIPLOID,1,KRAS p.G12C,2,0.0006,PASS,Subclonal-Subclonal,LEVEL_3B,,0,Stable,6,COAD,Rectum,692,Primary,Distal,20,FALSE
P-0038423,P-0038423-T01-IM6,Colorectal Cancer,Colon Adenocarcinoma,9.7,No,1.00,1.00,Clonal,1.21,DIPLOID,1,NRAS p.G13V,2,No,1.00,1.00,Clonal,1.05,DIPLOID,1,NRAS p.G12V,2,0.1673,PASS,Clonal-Clonal,LEVEL_3B,,0.32,Stable,11,COAD,Ascending Colon,773,Primary,Proximal,50,FALSE
P-0038548,P-0038548-T01-IM6,Colorectal Cancer,Rectal Adenocarcinoma,15.8,Yes,0.85,0.25,Clonal,,LOSS AFTER,1,KRAS p.G13D,3,Yes,0.80,0.25,Clonal,,LOSS AFTER,1,KRAS p.G12D,3,0.2841,PASS,Clonal-Clonal,LEVEL_4,,0.06,Stable,18,READ,Rectum,594,Primary,Distal,30,TRUE
P-0039163,P-0039163-T03-IM6,Colorectal Cancer,Colon Adenocarcinoma,23.7,Yes,0.94,0.38,Clonal,1.87,GAIN,1,KRAS p.G12D,3,Yes,0.26,0.38,Subclonal,,GAIN,1,KRAS p.K117N,3,0.1201,PASS,Subclonal-Clonal,LEVEL_4,,0.42,Stable,27,COAD,Descending,673,Primary,Distal,30,FALSE
P-0039691,P-0039691-T01-IM6,Colorectal Cancer,Colon Adenocarcinoma In Situ,12.3,,,,Indeterminate,,,,KRAS p.G13D,,,,,Indeterminate,,,,KRAS p.G12A,,0.1791,PASS,Indeterminate-Indeterminate,LEVEL_4,,0.13,Stable,14,CAIS,Rectum,464,Primary,Distal,50,FALSE
P-0040460,P-0040460-T01-IM6,Colorectal Cancer,Colon Adenocarcinoma,6.1,Yes,1.00,0.38,Clonal,2.36,CNLOH,0,KRAS p.G13D,2,Yes,0.11,0.38,Subclonal,,CNLOH,0,KRAS p.G12C,2,0.1429,PASS,Clonal-Subclonal,LEVEL_3B,,0,Stable,7,COAD,Colon,690,Primary,Proximal,20,FALSE
P-0040508,P-0040508-T01-IM6,Colorectal Cancer,Rectal Adenocarcinoma,9.7,No,0.86,1.00,Clonal,0.86,DIPLOID,1,KRAS p.G12V,2,No,0.52,1.00,Subclonal,,DIPLOID,1,KRAS p.A146T,2,0.1246,PASS,Subclonal-Clonal,LEVEL_4,,0.05,Stable,11,READ,Rectum,647,Primary,Distal,30,FALSE
P-0040977,P-0040977-T01-IM6,Colorectal Cancer,Rectal Adenocarcinoma,11.4,No,1,1.00,Clonal,1.20,DIPLOID,1,KRAS p.G12S,2,No,0.47,1.00,Subclonal,,DIPLOID,1,KRAS p.G12D,2,0.0137,PASS,Subclonal-Clonal,LEVEL_4,,0,Stable,13,READ,Rectum,666,Primary,Distal,20,FALSE
P-0041323,P-0041323-T01-IM6,Colorectal Cancer,Colon Adenocarcinoma,7,No,0.60,1.00,Subclonal,,DIPLOID,1,KRAS p.A146T,2,No,0.26,1.00,Subclonal,,DIPLOID,1,NRAS p.Q61K,2,0.0513,PASS,Subclonal-Subclonal,LEVEL_3B,,0,Stable,8,COAD,Cecum,502,Primary,Proximal,60,FALSE
P-0043371,P-0043371-T01-IM6,Colorectal Cancer,Colon Adenocarcinoma,10.5,Yes,1.00,0.45,Clonal,1.26,LOSS AFTER,1,NRAS p.G13V,3,Yes,0.78,0.53,Subclonal,,LOSS AFTER,1,KRAS p.G12D,3,0.1389,PASS,Clonal-Subclonal,LEVEL_3B,,0.39,Stable,12,COAD,Ascending Colon,712,Primary,Proximal,60,TRUE
P-0043580,P-0043580-T01-IM6,Colorectal Cancer,Colon Adenocarcinoma,14.9,Yes,0.88,0.05,Indeterminate,3.51,GAIN,1,KRAS p.G13D,3,Yes,0.30,0.05,Indeterminate,,GAIN,1,KRAS p.V14I,3,0.0029,PASS,Indeterminate-Indeterminate,LEVEL_4,,0,Stable,17,COAD,Ascending Colon,514,Primary,Proximal,50,FALSE
P-0043718,P-0043718-T01-IM6,Colorectal Cancer,Rectal Adenocarcinoma,14.9,No,0.65,1.00,Subclonal,,DIPLOID,1,KRAS p.G13D,2,No,0.29,1.00,Subclonal,,DIPLOID,1,KRAS p.G12S,2,0.0019,PASS,Subclonal-Subclonal,LEVEL_4,,0,Stable,16,READ,Rectum,439,Primary,Distal,10,FALSE
P-0044184,P-0044184-T01-IM6,Colorectal Cancer,Colon Adenocarcinoma,65.8,No,0.30,1.00,Subclonal,,DIPLOID,1,KRAS p.A146T,2,No,0.14,1.00,Subclonal,,DIPLOID,1,KRAS p.K117N,2,0.0019,PASS,Subclonal-Subclonal,LEVEL_3B,,21.87,Instable,75,COAD,Colon,731,Primary,Proximal,20,FALSE
P-0047886,P-0047886-T01-IM6,Colorectal Cancer,Rectal Adenocarcinoma,65,No,0.77,1.00,Subclonal,,DIPLOID,1,KRAS p.G12D,2,No,0.21,1.00,Subclonal,,DIPLOID,1,KRAS p.G13D,2,0.0250,PASS,Subclonal-Subclonal,LEVEL_3B,,40.57,Instable,74,READ,Rectum,626,Primary,Distal,10,FALSE
P-0048081,P-0048081-T01-IM6,Colorectal Cancer,Colon Adenocarcinoma,19.3,No,0.93,1.00,Clonal,0.93,DIPLOID,1,KRAS p.Q61H,2,No,0.26,1.00,Subclonal,,DIPLOID,1,KRAS p.G13D,2,0.0938,PASS,Clonal-Subclonal,LEVEL_3B,,0.13,Stable,22,COAD,Colon,615,Primary,Proximal,40,FALSE
P-0048091,P-0048091-T01-IM6,Colorectal Cancer,Colon Adenocarcinoma,4.4,Yes,0.89,0.53,Clonal,,LOSS BEFORE,0,NRAS p.G12D,2,No,0.17,0.51,Subclonal,,TETRAPLOID,2,KRAS p.G12V,4,0.4363,PASS,Clonal-Subclonal,LEVEL_3B,,0.89,Stable,5,COAD,Sigmoid Colon,510,Primary,Distal,30,TRUE
P-0048215,P-0048215-T01-IM6,Colorectal Cancer,Rectal Adenocarcinoma,415.2,No,0.97,1.00,Clonal,0.97,DIPLOID,1,KRAS p.A59T,2,No,0.50,1.00,Subclonal,,DIPLOID,1,KRAS p.G13D,2,0.0184,PASS,Clonal-Subclonal,LEVEL_3B,,0.06,Stable,472,READ,Rectum,723,Primary,Distal,30,FALSE
P-0053162,P-0053162-T01-IM6,Colorectal Cancer,Colon Adenocarcinoma,11.4,No,0.81,1.00,Clonal,0.81,DIPLOID,1,KRAS p.G12D,2,No,0.23,1.00,Subclonal,,DIPLOID,1,KRAS p.G12V,2,0.1076,PASS,Clonal-Subclonal,LEVEL_4,,0.11,Stable,13,COAD,Cecum,400,Primary,Proximal,30,FALSE
P-0061563,P-0061563-T01-IM7,Colorectal Cancer,Colon Adenocarcinoma,6.6,No,1.00,1.00,Clonal,1.01,DIPLOID,1,KRAS p.G12D,2,Yes,0.69,0.23,Indeterminate,,HETLOSS,0,NRAS p.G13V,1,0.2023,PASS,Indeterminate-Clonal,,Liver,3.53,Stable,8,COAD,Ascending Colon,315,Metastasis,Proximal,50,FALSE
